#,Title,URL
19,Add Audio to Video - Add Music to Video,https://www.veed.io/tools/add-audio-to-video
215,"Add Audio to Video - Add Music to MP4 - Free, Online",https://www.veed.io/tools/add-audio-to-video/add-audio-to-mp4
520,"Add Audio Tracks to your YouTube Video - Online, Free",https://www.veed.io/tools/add-audio-to-video/add-audio-to-youtube-video
162,Add Music to GIF - Add Audio to GIF Files Online,https://www.veed.io/tools/add-audio-to-video/add-music-to-gif
496,Podcast to Video - Create Video Podcasts Online,https://www.veed.io/tools/add-audio-to-video/podcast-to-video
155,Sync Your Video and Audio Online - VEED.IO,https://www.veed.io/tools/add-audio-to-video/sync-video-to-audio
853,Voice Record to Video - Convert Audio to Video,https://www.veed.io/tools/add-audio-to-video/voice-record-to-video
589,Add Emojis to Your Videos Online - Free,https://www.veed.io/tools/add-emojis-to-videos
72,Add Image to Video Online,https://www.veed.io/tools/add-photo-to-video
158,Add Background to Video - Replace or Add a ...,https://www.veed.io/tools/add-photo-to-video/add-background-to-video
306,"Add Image, Watermark, or Logo to GIF - Online",https://www.veed.io/tools/add-photo-to-video/add-image-to-gif
76,Make Music Videos from Images - Add Image to MP3 Online,https://www.veed.io/tools/add-photo-to-video/add-image-to-mp3
485,Add a Watermark or Logo to Your YouTube Video - Online,https://www.veed.io/tools/add-photo-to-video/add-logo-to-youtube-video
189,Add Watermark to Video Online,https://www.veed.io/tools/add-photo-to-video/add-watermark-to-video
256,"Add Stickers to Video - Emojis, Logos & More",https://www.veed.io/tools/add-stickers-to-video
857,"Add Stickers to GIF - Animated GIFs, Moving Emojis",https://www.veed.io/tools/add-stickers-to-video/add-sticker-to-gif
339,"Animated Stickers Online - Animated GIFs, Moving Emojis",https://www.veed.io/tools/add-stickers-to-video/animated-stickers
18,"Add Subtitles to Video - Try for Free, 99.9% Accurate",https://www.veed.io/tools/add-subtitles
348,"Add Subtitle (SRT) to MKV - Online, Free",https://www.veed.io/tools/add-subtitles/add-srt-to-mkv
149,"Add SRT to MP4 Online - Fast, Free",https://www.veed.io/tools/add-subtitles/add-srt-to-mp4
420,Add Subtitles to AVI - Automatic Subtitle Tool,https://www.veed.io/tools/add-subtitles/add-subtitles-to-avi
491,"Add Subtitles to MP4 Online - Fast, Easy, and Accurate!",https://www.veed.io/tools/add-subtitles/add-subtitles-to-mp4
562,"Add Subtitles to Video on Mac Online - Fast, Easy, Free",https://www.veed.io/tools/add-subtitles/add-subtitles-to-video-mac
556,Animated Subtitles - Moving Subtitle Editor,https://www.veed.io/tools/add-subtitles/animated-subtitles
568,Sync Subtitles with Video Online - Easily Adjust Timing,https://www.veed.io/tools/add-subtitles/sync-subtitles
31,Add Text to Video Online - Free Video Text Editor,https://www.veed.io/tools/add-text-to-video
132,Add Text to GIF - Add Text to Animated GIFs Online,https://www.veed.io/tools/add-text-to-video/add-text-to-gif
707,"How to Add Text to YouTube Video - Online, Free",https://www.veed.io/tools/add-text-to-video/add-text-to-youtube-video
101,AI Animation Generator - Turn Images into Videos,https://www.veed.io/tools/ai-animation
531,Free AI Smile Generator - Make a Photo Smile,https://www.veed.io/tools/ai-animation/ai-smile-generator
232,Animate Old Photos for Free,https://www.veed.io/tools/ai-animation/animate-old-photos
115,AI Face Animator - Free Photo Animator Online - VEED.IO,https://www.veed.io/tools/ai-animation/face-animator
649,Talking Photo - Transform Static Photos Into Talking Videos,https://www.veed.io/tools/ai-animation/talking-photo
164,AI Audio Enhancer - Clean Audio,https://www.veed.io/tools/ai-audio-enhancer
533,AI Audio Booster - Enhance Your Audio Instantly,https://www.veed.io/tools/ai-audio-enhancer/ai-audio-booster
126,AI Audio Fixer - Clean Audio in Minutes,https://www.veed.io/tools/ai-audio-enhancer/ai-audio-fixer
729,AI Noise Reduction - Clean Audio,https://www.veed.io/tools/ai-audio-enhancer/ai-noise-reduction
430,AI Voice Cleaner - Remove Background Noise,https://www.veed.io/tools/ai-audio-enhancer/ai-voice-cleaner
560,Audio Recording Enhancement - Clean Audio with AI,https://www.veed.io/tools/ai-audio-enhancer/audio-recording-enhancement
612,Enhance Audio - Clean Audio with AI,https://www.veed.io/tools/ai-audio-enhancer/enhance-audio
351,Mic Enhancer - Enhance Audio with AI,https://www.veed.io/tools/ai-audio-enhancer/mic-enhancer
266,Podcast Audio Enhancer - Clean Audio with AI,https://www.veed.io/tools/ai-audio-enhancer/podcast-audio-enhancer
291,Voice Enhancer - Enhance Speech with AI,https://www.veed.io/tools/ai-audio-enhancer/voice-enhancer
23,AI Avatar Generator - Make Realistic Avatars,https://www.veed.io/tools/ai-avatar
344,AI Actor Generator - Realistic Avatars in Seconds,https://www.veed.io/tools/ai-avatar/ai-actors
879,AI Explainer Video,https://www.veed.io/tools/ai-avatar/ai-explainer-video
920,AI Human Generator,https://www.veed.io/tools/ai-avatar/ai-human
772,AI Influencer - Create Talking Avatars,https://www.veed.io/tools/ai-avatar/ai-influencer
231,AI News Anchor - Personalized Avatar,https://www.veed.io/tools/ai-avatar/ai-news-anchor
166,AI Avatar Creator - Make Your Own AI Spokesperson,https://www.veed.io/tools/ai-avatar/ai-spokesperson
510,AI Twin - Create a Virtual Version of Yourself,https://www.veed.io/tools/ai-avatar/ai-twin
616,Avatar Editor - Personalized Avatar - VEED.IO,https://www.veed.io/tools/ai-avatar/avatar-editor
764,Avatar Maker,https://www.veed.io/tools/ai-avatar/avatar-maker
468,Avatar Yourself - AI Avatar Builder,https://www.veed.io/tools/ai-avatar/avatar-yourself
753,Digital Avatar,https://www.veed.io/tools/ai-avatar/digital-avatar
580,Hyper-Realistic Avatars - Digital Human Creator for Videos,https://www.veed.io/tools/ai-avatar/digital-human-creator
421,Instant Avatar - Personalized Avatar,https://www.veed.io/tools/ai-avatar/instant-avatar
419,Interactive Avatar - AI Avatars,https://www.veed.io/tools/ai-avatar/interactive-avatar
881,Create Your Own Character - Design Personalized Avatar ...,https://www.veed.io/tools/ai-avatar/make-your-own-character
607,Metahuman Creator Online - AI Avatars,https://www.veed.io/tools/ai-avatar/metahuman-creator-online
670,AI Streaming Avatar - Text to Speech Avatars,https://www.veed.io/tools/ai-avatar/streaming-avatar
484,TikTok Avatar Maker - AI Text to Speech,https://www.veed.io/tools/ai-avatar/tiktok-avatar-maker
386,VTuber Maker - AI Avatar,https://www.veed.io/tools/ai-avatar/vtuber-maker
505,AI B-Roll Generator - Try for Free,https://www.veed.io/tools/ai-b-roll-generator
121,AI Background Expand for Video - Video Outpainting,https://www.veed.io/tools/ai-background-expand
383,AI Outpainting for Video - Expand Frames with AI,https://www.veed.io/tools/ai-background-expand/ai-outpainting
824,How to expand video for free with Generative Fill AI?,https://www.veed.io/tools/ai-background-expand/generative-fill
437,Remove Background from Image Online,https://www.veed.io/tools/ai-background-remover
774,Blur Background of Photo Online - AI Image Editor,https://www.veed.io/tools/ai-background-remover/blur-background
911,Remove Background from Logo,https://www.veed.io/tools/ai-background-remover/remove-background-from-logo
914,Remove Black Background Online,https://www.veed.io/tools/ai-background-remover/remove-black-background
788,Transparent Background Maker,https://www.veed.io/tools/ai-background-remover/transparent-background-maker
821,White Background Editor - Make Background White Online,https://www.veed.io/tools/ai-background-remover/white-background-editor
272,AI Filter - AI Photo Filter Online,https://www.veed.io/tools/ai-filter
916,AI Braids - Try Braided Hairstyles on Your Photo,https://www.veed.io/tools/ai-filter/ai-braids
375,AI Mullet Filter - Try a Mullet on Your Photo,https://www.veed.io/tools/ai-filter/ai-mullet-filter
849,AI Style Transfer - Apply Artistic Styles to Images,https://www.veed.io/tools/ai-filter/ai-style-transfer
455,Curly Hair Filter - Add Curly Hair to Photos,https://www.veed.io/tools/ai-filter/curly-hair-filter
449,Mustache AI - Add a Mustache to Your Photo,https://www.veed.io/tools/ai-filter/mustache-ai
794,Photo to Cartoon - AI Cartoon Filter & Image Converter,https://www.veed.io/tools/ai-filter/photo-to-cartoon
394,Short Hair Filter - Try Short Hairstyles Online,https://www.veed.io/tools/ai-filter/short-hair-filter
602,AI Image Editor - Edit Photos with AI Prompts,https://www.veed.io/tools/ai-image-editor
773,Add Text to Photo - AI Photo Text Editor,https://www.veed.io/tools/ai-image-editor/add-text-to-photo
817,AI Action Figure Generator,https://www.veed.io/tools/ai-image-editor/ai-action-figure
317,AI Business Card Generator,https://www.veed.io/tools/ai-image-editor/ai-business-card-generator
222,AI Clothes Changer - Change Outfits in Photos Online,https://www.veed.io/tools/ai-image-editor/ai-clothes-changer
372,AI Coloring Page Generator,https://www.veed.io/tools/ai-image-editor/ai-coloring-page-generator
679,AI Cosplay Generator - Transform Photos Instantly,https://www.veed.io/tools/ai-image-editor/ai-cosplay
269,AI Doll Generator - Turn Yourself Into a Doll Free Online,https://www.veed.io/tools/ai-image-editor/ai-doll-generator
515,AI Expression Changer - AI Facial Expression Editor,https://www.veed.io/tools/ai-image-editor/ai-expression-changer
284,AI Face Editor,https://www.veed.io/tools/ai-image-editor/ai-face-editor
292,AI Fairy Generator - Create Fairy AI Art,https://www.veed.io/tools/ai-image-editor/ai-fairy
648,AI Family Portrait - Generate AI Family Photos,https://www.veed.io/tools/ai-image-editor/ai-family-portrait
156,AI Filter Remover - Remove Filters from Photos Online,https://www.veed.io/tools/ai-image-editor/ai-filter-remover
902,AI Flyer Generator - Create Flyers with AI,https://www.veed.io/tools/ai-image-editor/ai-flyer-generator
390,AI Ghostface Generator - Create Ghostface AI Trend Photos,https://www.veed.io/tools/ai-image-editor/ai-ghostface
422,AI God Image Generator - Create Divine Art,https://www.veed.io/tools/ai-image-editor/ai-god-image-generator
815,AI Greeting Card Generator - Create AI Cards,https://www.veed.io/tools/ai-image-editor/ai-greeting-card-generator
288,AI Hair Color Changer,https://www.veed.io/tools/ai-image-editor/ai-hair-color-changer
889,AI Hairstyle Changer - Try Hairstyles on Your Face,https://www.veed.io/tools/ai-image-editor/ai-hairstyle-changer
545,AI Image Variation Generator,https://www.veed.io/tools/ai-image-editor/ai-image-variation-generator
336,AI Leprechaun Generator - Add Leprechaun to Photo Free,https://www.veed.io/tools/ai-image-editor/ai-leprechaun
892,AI LinkedIn Photo - Professional LinkedIn Headshot ...,https://www.veed.io/tools/ai-image-editor/ai-linkedin-photo
828,AI Magazine Cover Generator,https://www.veed.io/tools/ai-image-editor/ai-magazine-cover-generator
758,AI Makeup Generator - Try on Virtual Makeup,https://www.veed.io/tools/ai-image-editor/ai-makeup
642,AI Mascot Generator - Create Mascot Logo & Character ...,https://www.veed.io/tools/ai-image-editor/ai-mascot-generator
780,AI Mask Generator,https://www.veed.io/tools/ai-image-editor/ai-mask-generator
153,AI Mugshot Generator,https://www.veed.io/tools/ai-image-editor/ai-mugshot-generator
903,AI NFT Generator - Create NFT Art & Collections Online,https://www.veed.io/tools/ai-image-editor/ai-nft-generator
415,AI Passport Photo Maker,https://www.veed.io/tools/ai-image-editor/ai-passport-photo
709,AI Pet Portrait Generator - Create Pet Portraits from Photos,https://www.veed.io/tools/ai-image-editor/ai-pet-portrait-generator
517,AI Pinup Generator - Create Pin Up Art & Vintage Posters,https://www.veed.io/tools/ai-image-editor/ai-pinup
619,AI Pose Changer - Change Photo Poses with AI,https://www.veed.io/tools/ai-image-editor/ai-pose-changer
918,AI Product Photography - AI Product Photo Generator,https://www.veed.io/tools/ai-image-editor/ai-product-photography
714,AI Renaissance Painting - Turn Photos ... - VEED,https://www.veed.io/tools/ai-image-editor/ai-renaissance-painting
893,AI Room Design - AI Interior Design Generator,https://www.veed.io/tools/ai-image-editor/ai-room-design
563,AI Sculpture Generator - Transform Photos into Art,https://www.veed.io/tools/ai-image-editor/ai-sculpture-generator
368,AI Shoe Generator - Create AI Shoe Designs,https://www.veed.io/tools/ai-image-editor/ai-shoe-generator
790,AI Smile Generator - Add Smile to Photo,https://www.veed.io/tools/ai-image-editor/ai-smile-generator
504,AI Stencil Maker - Photo to Stencil Generator,https://www.veed.io/tools/ai-image-editor/ai-stencil-maker
506,Tie Dye Generator - Tie Dye Maker Online,https://www.veed.io/tools/ai-image-editor/ai-tie-dye-generator
750,AI Time Machine - AI History Generator,https://www.veed.io/tools/ai-image-editor/ai-time-machine
751,AI Vintage Photo Generator,https://www.veed.io/tools/ai-image-editor/ai-vintage-photo-generator
818,AI Wedding Photo Generator,https://www.veed.io/tools/ai-image-editor/ai-wedding-photo-generator
887,AI Yourself - Create AI Photos and Images of Yourself,https://www.veed.io/tools/ai-image-editor/ai-yourself
46,Baby Face Generator - AI Baby Generator Free Online,https://www.veed.io/tools/ai-image-editor/baby-face-generator
145,Bald Filter - AI Bald Filter and Simulator,https://www.veed.io/tools/ai-image-editor/bald-filter
100,Beard Filter - Try Beard Styles or Remove Beards,https://www.veed.io/tools/ai-image-editor/beard-filter
653,Buzz Cut Filter - Try Buzz Cuts on Your Face,https://www.veed.io/tools/ai-image-editor/buzz-cut-filter
285,Change Color of Image - AI Image Color Changer,https://www.veed.io/tools/ai-image-editor/change-color-of-image
675,Color Palette Generator - Extract Colors from Images,https://www.veed.io/tools/ai-image-editor/color-palette-generator
811,AI Embroidery Generator,https://www.veed.io/tools/ai-image-editor/embroidery-generator
586,Furry AI Generator - Create Fursona & Furry Art Online,https://www.veed.io/tools/ai-image-editor/furry-ai-generator
668,Medal Generator - Create Custom Medals with AI,https://www.veed.io/tools/ai-image-editor/medal-generator
851,Object Remover - Remove Unwanted Objects from Photos,https://www.veed.io/tools/ai-image-editor/object-remover
662,Old Filter - Age Filter to See Yourself Old,https://www.veed.io/tools/ai-image-editor/old-filter
860,Photo to Sketch - Convert Images to Sketches Online,https://www.veed.io/tools/ai-image-editor/photo-to-sketch
697,Photo to Watercolor - AI Watercolor Generator,https://www.veed.io/tools/ai-image-editor/photo-to-watercolor
633,Pop Art Generator - Turn Photos into Pop Art,https://www.veed.io/tools/ai-image-editor/pop-art-generator
672,Relight Photo - AI Photo Lighting Editor,https://www.veed.io/tools/ai-image-editor/relight-photo
871,AI Replace - Replace Objects and Faces in Photos,https://www.veed.io/tools/ai-image-editor/replace-object
868,Sketch to Image AI,https://www.veed.io/tools/ai-image-editor/sketch-to-image-ai
97,Speech Bubble Generator - Create Custom Speech Bubbles,https://www.veed.io/tools/ai-image-editor/speech-bubble
686,Steampunk AI Generator - Create Steampunk Images,https://www.veed.io/tools/ai-image-editor/steampunk-ai
858,Turn Photo into Line Drawing - Line Art Generator,https://www.veed.io/tools/ai-image-editor/turn-photo-into-line-drawing
796,AI Image Extender - AI Photo Extender,https://www.veed.io/tools/ai-image-extender
75,AI Image Generator - AI Pictures in Seconds,https://www.veed.io/tools/ai-image-generator
846,Create Realistic 3D Book Mockups - 3D Mockup Generator,https://www.veed.io/tools/ai-image-generator/3d-mockup-generator
844,Generate AI-Powered 3D Models from Text,https://www.veed.io/tools/ai-image-generator/ai-3d-model-generation
268,AI Animal Generator - Fantasy & Realistic - VEED.IO,https://www.veed.io/tools/ai-image-generator/ai-animal-generator
820,AI Architecture Generator - Visualize Concepts Fast,https://www.veed.io/tools/ai-image-generator/ai-architecture-generator
743,AI Art Generator - Turn Text Into Art,https://www.veed.io/tools/ai-image-generator/ai-art-generator
618,AI Background Generator,https://www.veed.io/tools/ai-image-generator/ai-background-generator
575,AI Book Cover Generator - Get Designs in Seconds,https://www.veed.io/tools/ai-image-generator/ai-book-cover-generator
694,AI Car Generator - Text to Image,https://www.veed.io/tools/ai-image-generator/ai-car-generator
311,AI Cartoon Generator - Cartoon Images in Seconds - VEED,https://www.veed.io/tools/ai-image-generator/ai-cartoon-generator
249,AI Clothing Generator - Generate Images with AI - VEED.IO,https://www.veed.io/tools/ai-image-generator/ai-clothing-generator
856,AI Comic Generator - High-Quality Images,https://www.veed.io/tools/ai-image-generator/ai-comic-generator
798,AI Couple Photo Maker - Try for Free,https://www.veed.io/tools/ai-image-generator/ai-couple-photo-maker
634,AI Doodle Generator - Instant Doodle Images,https://www.veed.io/tools/ai-image-generator/ai-doodle-generator
148,AI Face Generator,https://www.veed.io/tools/ai-image-generator/ai-face-generator
297,AI Favicon Generator - Create Website Icons,https://www.veed.io/tools/ai-image-generator/ai-favicon-generator
371,AI Flag Generator - Create Custom Flags Online,https://www.veed.io/tools/ai-image-generator/ai-flag-generator
673,AI Game Generator - Generate Gaming Images,https://www.veed.io/tools/ai-image-generator/ai-game-generator
246,"AI Boy Generator - Realistic, Anime, & More",https://www.veed.io/tools/ai-image-generator/ai-generated-boy
507,AI Giantess Generator - Create Giantess Art Online,https://www.veed.io/tools/ai-image-generator/ai-giantess
745,"AI Girl Generator - Fantasy, Realistic, & More",https://www.veed.io/tools/ai-image-generator/ai-girl-generator
861,AI Graffiti Generator,https://www.veed.io/tools/ai-image-generator/ai-graffiti-generator
826,AI Headshot Generator,https://www.veed.io/tools/ai-image-generator/ai-headshot-generator
715,AI House Generator - Create House Images in Seconds,https://www.veed.io/tools/ai-image-generator/ai-house-generator
530,Free AI Icon Generator - Text to Image,https://www.veed.io/tools/ai-image-generator/ai-icon-generator
708,AI Jewelry Design - Generate Images & Videos,https://www.veed.io/tools/ai-image-generator/ai-jewelry-design
726,Mesmerizing AI Landscapes - AI Image Generator,https://www.veed.io/tools/ai-image-generator/ai-landscapes
362,AI Logo Generator - Create Logos & Branded Videos,https://www.veed.io/tools/ai-image-generator/ai-logo-generator
658,Free AI Manga Generator - Characters & Artwork,https://www.veed.io/tools/ai-image-generator/ai-manga
212,AI Map Generator for Fantasy Worlds - Text to Image,https://www.veed.io/tools/ai-image-generator/ai-map-generator
261,AI Meme Generator - Create Memes from Text,https://www.veed.io/tools/ai-image-generator/ai-meme-generator
539,AI Person Generator - Text to Image,https://www.veed.io/tools/ai-image-generator/ai-person-generator
797,AI Pixel Art Generator,https://www.veed.io/tools/ai-image-generator/ai-pixel-art-generator
859,AI Portrait Generator - Free AI Image ...,https://www.veed.io/tools/ai-image-generator/ai-portrait-generator
412,AI Poster Generator - Create Digital Posters for Free - VEED,https://www.veed.io/tools/ai-image-generator/ai-poster-generator
39,AI Profile Picture Generator - PFP Photo Maker,https://www.veed.io/tools/ai-image-generator/ai-profile-picture-generator
479,AI Selfie Generator - Create & Transform Selfie Images,https://www.veed.io/tools/ai-image-generator/ai-selfie-generator
910,AI Sticker Generator - Create Professional Designs,https://www.veed.io/tools/ai-image-generator/ai-sticker-generator
813,AI Superhero Generator - Create Art & Video,https://www.veed.io/tools/ai-image-generator/ai-superhero-generator
138,AI T-Shirt Design Generator - Text to Image,https://www.veed.io/tools/ai-image-generator/ai-t-shirt-design-generator
786,AI Tattoo Generator - Instant Tattoo Designs,https://www.veed.io/tools/ai-image-generator/ai-tattoo-generator
699,Free AI Texture Generator - Text to Image,https://www.veed.io/tools/ai-image-generator/ai-texture-generator
154,AI Thumbnail Maker - Get Thumbnails in Seconds - VEED.IO,https://www.veed.io/tools/ai-image-generator/ai-thumbnail-maker
854,Free AI Vector Generator - Text to Image,https://www.veed.io/tools/ai-image-generator/ai-vector-generator
341,AI Wallpaper Generator - Create Instant Backgrounds,https://www.veed.io/tools/ai-image-generator/ai-wallpaper-generator
334,Album Cover Maker - Album Art in Seconds,https://www.veed.io/tools/ai-image-generator/album-cover-maker
651,Anime AI Generator,https://www.veed.io/tools/ai-image-generator/anime-ai-generator
352,Bitmoji Maker - Text to Image AI - VEED.IO,https://www.veed.io/tools/ai-image-generator/bitmoji-maker
913,Caricature Maker - AI Caricatures in Seconds - VEED.IO,https://www.veed.io/tools/ai-image-generator/caricature-maker
776,Chibi Maker - Create Chibi Art Characters - VEED.IO,https://www.veed.io/tools/ai-image-generator/chibi-maker
847,Clipart Maker - AI Clipart Generator Online,https://www.veed.io/tools/ai-image-generator/clipart-maker
358,Fantasy Character Creator - Generate with AI,https://www.veed.io/tools/ai-image-generator/fantasy-character-creator
850,Illustration Generator - Generate with AI,https://www.veed.io/tools/ai-image-generator/illustration-generator
125,Mythical Creature Generator - Create Fantasy Beasts,https://www.veed.io/tools/ai-image-generator/mythical-creature-generator
809,Pattern Generator - VEED.IO,https://www.veed.io/tools/ai-image-generator/pattern-generator
461,AI Product Design - AI Text to Image,https://www.veed.io/tools/ai-image-generator/product-design-ai
803,Random Drawing Generator - Create AI Art,https://www.veed.io/tools/ai-image-generator/random-drawing-generator
843,VEED's Random Image Generator,https://www.veed.io/tools/ai-image-generator/random-image
891,Realistic AI Image Generator,https://www.veed.io/tools/ai-image-generator/realistic-ai-image-generator
318,Scene Generator - Generate Scenic Images,https://www.veed.io/tools/ai-image-generator/scene-generator
727,Text to Image Generator - High-Quality Images,https://www.veed.io/tools/ai-image-generator/text-to-image
381,Wall Art Generator - Generate Images with AI,https://www.veed.io/tools/ai-image-generator/wall-art-generator
767,AI Image Resizer,https://www.veed.io/tools/ai-image-resizer
133,AI Transition - AI Video Transition Generator,https://www.veed.io/tools/ai-transitions
4,Free AI Video Generator - Start for Free,https://www.veed.io/tools/ai-video
518,AI Ad Generator - Create Video Ads in Minutes,https://www.veed.io/tools/ai-video/ai-ad-generator
884,AI Animation Generator - Try for Free,https://www.veed.io/tools/ai-video/ai-animation-generator
98,AI Commercial Generator - Create Videos with AI - VEED.IO,https://www.veed.io/tools/ai-video/ai-commercial-generator
730,AI Marketing Video Generator,https://www.veed.io/tools/ai-video/ai-marketing-video-generator
636,AI Movie Generator - Create Videos Using AI,https://www.veed.io/tools/ai-video/ai-movie-generator
700,AI Music Video Generator - Create Videos with AI,https://www.veed.io/tools/ai-video/ai-music-video-generator
53,Free AI Reel Generator - Create Instagram Reels,https://www.veed.io/tools/ai-video/ai-reel-generator
577,AI Stock Video Generator - Text-to-Video,https://www.veed.io/tools/ai-video/ai-stock-video-generator
361,"AI Video Editor - Automatic Edits, Try for Free",https://www.veed.io/tools/ai-video/ai-video-editor
536,AI Video Maker - Generate with AI,https://www.veed.io/tools/ai-video/ai-video-maker
190,AI Visual Generator - Generate Videos,https://www.veed.io/tools/ai-video/ai-visual-generator
81,AI YouTube Video Maker - Create Videos with AI,https://www.veed.io/tools/ai-video/ai-youtube-video-maker
181,Animate from Audio - AI Video Generator,https://www.veed.io/tools/ai-video/animate-from-audio
382,Article to Video - Generate Videos from Text,https://www.veed.io/tools/ai-video/article-to-video
277,Blog to Video - Convert Written Blog Posts to Video,https://www.veed.io/tools/ai-video/blog-to-video
576,Faceless Video AI Generator - Create Online - VEED.IO,https://www.veed.io/tools/ai-video/faceless-videos
424,Idea to Video - Create Videos in Minutes,https://www.veed.io/tools/ai-video/idea-to-video
194,AI News Generator - Make Breaking News Videos,https://www.veed.io/tools/ai-video/news-generator
446,Script to Video - AI Video Generator,https://www.veed.io/tools/ai-video/script-to-video
90,Seedance 1.0 - AI Video Generator,https://www.veed.io/tools/ai-video/seedance
45,Free Text to Animation AI - Create Animated Video,https://www.veed.io/tools/ai-video/text-to-animation-ai
5,Free Text to Video AI,https://www.veed.io/tools/ai-video/text-to-video
165,TikTok Video AI Generator - Create with AI - VEED.IO,https://www.veed.io/tools/ai-video/tiktok-video-generator
621,Veo 3 - Google AI Video Generator - Create 4K Videos,https://www.veed.io/tools/ai-video/veo-3
211,Video Generators - AI Text to Video,https://www.veed.io/tools/ai-video/video-generators
731,YouTube Shorts Maker - Create Shorts from Videos,https://www.veed.io/tools/ai-video/youtube-shorts-maker
61,"AI Voice Cloning - Record Once, Speak 29 Languages",https://www.veed.io/tools/ai-voice-cloning
711,AI Voice Maker,https://www.veed.io/tools/ai-voice-cloning/ai-voice-maker
229,AI Voice Mimic - Customized AI Voiceovers,https://www.veed.io/tools/ai-voice-cloning/ai-voice-mimic
175,AI Voice Replicator - Clone Your Voice,https://www.veed.io/tools/ai-voice-cloning/ai-voice-replicator
896,Hindi Voice Cloning,https://www.veed.io/tools/ai-voice-cloning/hindi-voice-cloning
393,Overdub - Voice Over Correction with AI,https://www.veed.io/tools/ai-voice-cloning/overdub
427,Real-Time Voice Cloning - Free AI Voice Cloner,https://www.veed.io/tools/ai-voice-cloning/real-time-voice-cloning
67,Text to Speech Using My Own Voice,https://www.veed.io/tools/ai-voice-cloning/text-to-speech-using-my-own-voice
324,Videos Voice Changer - Clone Your Voice,https://www.veed.io/tools/ai-voice-cloning/video-voice-changer
870,Dutch Voice Cloning,https://www.veed.io/tools/ai-voice-cloning/voice-cloning-dutch
785,Japanese Voice Cloning,https://www.veed.io/tools/ai-voice-cloning/voice-cloning-japanese
905,AI Voice Emulator - Clone Your Voice,https://www.veed.io/tools/ai-voice-cloning/voice-emulator
660,Voice to Voice AI,https://www.veed.io/tools/ai-voice-cloning/voice-to-voice-ai
112,Audio Cutter and Trimmer Online,https://www.veed.io/tools/audio-cutter
833,"Free Online AAC Cutter - Cut AAC, MP3, and Other Audio ...",https://www.veed.io/tools/audio-cutter/aac-cutter
228,"Crop Music Online; Free! - Cut MP3, and Other Audio ...",https://www.veed.io/tools/audio-cutter/crop-music
37,"Free Online MP3 Cutter - Cut MP3, and Other Audio Formats",https://www.veed.io/tools/audio-cutter/mp3-cutter
235,"Free Online OGG Cutter - Cut OGG, MP3, and Other Audio ...",https://www.veed.io/tools/audio-cutter/ogg-cutter
86,"Free Online WAV Cutter - Cut WAV, MP3, and Other Audio ...",https://www.veed.io/tools/audio-cutter/wav-cutter
13,Online Audio Editor - Make Your Audio Sound Professional,https://www.veed.io/tools/audio-editor
645,AAC Editor,https://www.veed.io/tools/audio-editor/aac-editor
378,Audio Normalization Software - Edit Audio,https://www.veed.io/tools/audio-editor/audio-normalization-software
314,Podcast Editor - Edit Your Podcast's Audio and Video,https://www.veed.io/tools/audio-editor/audio-podcast-editor
135,M4A Audio Editor - Edit M4A tracks online,https://www.veed.io/tools/audio-editor/m4a-editor
41,Online MP3 Editor - Edit MP3 Files for High-Quality Sound,https://www.veed.io/tools/audio-editor/mp3-editor
357,Online OGG Editor - Free OGG Editing Tool for Audio ...,https://www.veed.io/tools/audio-editor/ogg-editor
136,iPhone ringtone Maker - Online Custom ...,https://www.veed.io/tools/audio-editor/ringtone-maker
313,Silence Remover - Online Audio Editor,https://www.veed.io/tools/audio-editor/silence-remover
40,"Free Audio Joiner - Combine songs, MP3 files, and more",https://www.veed.io/tools/audio-joiner
295,Combine m4a Files - Merge audio,https://www.veed.io/tools/audio-joiner/combine-m4a-files
440,"Merge WAV Files Online, Free - Audio Joiner",https://www.veed.io/tools/audio-joiner/combine-wav-files
704,Combine WMA Files,https://www.veed.io/tools/audio-joiner/combine-wma-files
852,Merge AAC,https://www.veed.io/tools/audio-joiner/merge-aac
289,"Online MP3 Joiner - Merge MP3 Files Online, Free",https://www.veed.io/tools/audio-joiner/mp3-joiner
34,Online Audio Looper,https://www.veed.io/tools/audio-looper
89,Audio Player - Play Audio Online,https://www.veed.io/tools/audio-player
202,Change Music Speed Online - Audio Speed Changer,https://www.veed.io/tools/audio-speed-changer
161,Slow Down MP3 Online,https://www.veed.io/tools/audio-speed-changer/slow-down-mp3
198,Speed Up MP3 Online - VEED.IO,https://www.veed.io/tools/audio-speed-changer/speed-up-mp3
650,Online Tempo Changer - Change Audio Speed,https://www.veed.io/tools/audio-speed-changer/tempo-changer
834,Online Tempo Editor - Change Audio Speed,https://www.veed.io/tools/audio-speed-changer/tempo-editor
240,"Audio to Audio AI - Create, Enhance, or Dub Audio",https://www.veed.io/tools/audio-to-audio-ai
96,Transcribe Audio to Text,https://www.veed.io/tools/audio-to-text
777,Audio to Notes - Transcribe with AI,https://www.veed.io/tools/audio-to-text/audio-to-notes
734,Audio Transcription - Convert Audio to Text with AI,https://www.veed.io/tools/audio-to-text/audio-transcription
845,Bengali Speech to Text,https://www.veed.io/tools/audio-to-text/bengali-speech-to-text
234,Cantonese Speech to Text - Automatic Audio to Text,https://www.veed.io/tools/audio-to-text/cantonese-speech-to-text
407,Chinese Speech to Text - Automatic Transcription,https://www.veed.io/tools/audio-to-text/chinese-speech-to-text
469,German Speech to Text - Auto Transcription,https://www.veed.io/tools/audio-to-text/german-speech-to-text
308,Japanese Speech to Text - Auto Transcription,https://www.veed.io/tools/audio-to-text/japanese-speech-to-text
630,Korean Speech to Text - Auto Transcription,https://www.veed.io/tools/audio-to-text/korean-speech-to-text
460,M4A to Text - Convert M4A to TXT Online,https://www.veed.io/tools/audio-to-text/m4a-to-text
79,MP3 to Text - Auto Transcribe MP3 Files Online,https://www.veed.io/tools/audio-to-text/mp3-to-text
221,Music Transcription Online,https://www.veed.io/tools/audio-to-text/music-transcription
717,Persian Speech to Text - Automatic Transcription,https://www.veed.io/tools/audio-to-text/persian-speech-to-text
363,Speech to Text in Arabic - Audio Transcription,https://www.veed.io/tools/audio-to-text/speech-to-text-arabic
835,Speech to Text Finnish,https://www.veed.io/tools/audio-to-text/speech-to-text-finnish
644,Speech to Text Italian - Auto Transcription,https://www.veed.io/tools/audio-to-text/speech-to-text-italian
768,Speech to Text Russian - Auto Transcription,https://www.veed.io/tools/audio-to-text/speech-to-text-russian
784,Speech to Text Spanish - 99.9% Accurate,https://www.veed.io/tools/audio-to-text/speech-to-text-spanish
669,Speech to Text Turkish - Automatic Transcription,https://www.veed.io/tools/audio-to-text/speech-to-text-turkish
557,Vietnamese Speech to Text - Automatic Transcription,https://www.veed.io/tools/audio-to-text/speech-to-text-vietnamese
873,Tamil Audio to Text,https://www.veed.io/tools/audio-to-text/tamil-audio-to-text-converter-online
917,Telugu Audio to Text,https://www.veed.io/tools/audio-to-text/telugu-audio-to-text-converter
598,Automatically Transcribe Your Recordings to Text,https://www.veed.io/tools/audio-to-text/transcribe-recordings-to-text
830,Verbatim Transcriptions - Transcribe Your Recordings,https://www.veed.io/tools/audio-to-text/verbatim-transcription
195,Voice Memo Transcription - Voice Memos to Text,https://www.veed.io/tools/audio-to-text/voice-memo-transcription
134,Convert Voice Message to Text - Audio to Text,https://www.veed.io/tools/audio-to-text/voice-message-to-text
73,WAV to TXT - Auto Transcribe WAV to Text Online,https://www.veed.io/tools/audio-to-text/wav-to-text
57,"Audio Translator - Subtitles, Dubbing, & Transcripts",https://www.veed.io/tools/audio-translator
783,Belarusian to English - AI Audio Translator,https://www.veed.io/tools/audio-translator/belarusian-to-english
117,Cebuano to English - Audio Translator,https://www.veed.io/tools/audio-translator/cebuano-to-english
405,Chichewa to English Voice Translator,https://www.veed.io/tools/audio-translator/chichewa-to-english-voice-translator
613,Danish to English Voice Translator,https://www.veed.io/tools/audio-translator/danish-to-english-voice-translator
456,English to Armenian Translation Audio,https://www.veed.io/tools/audio-translator/english-to-armenian-translation-audio
414,Translate English Audio to Finnish Text,https://www.veed.io/tools/audio-translator/english-to-finnish-translation-audio
384,English to Hausa - Audio Translator,https://www.veed.io/tools/audio-translator/english-to-hausa
564,English to Hawaiian Translation Audio,https://www.veed.io/tools/audio-translator/english-to-hawaiian-translation-audio
475,English to Hmong Audio Translation,https://www.veed.io/tools/audio-translator/english-to-hmong-translation-audio
213,English to Igbo Voice Translation,https://www.veed.io/tools/audio-translator/english-to-igbo-voice-translation
397,English to Krio - Translate Audio,https://www.veed.io/tools/audio-translator/english-to-krio
898,English to Kurdish Audio Translation,https://www.veed.io/tools/audio-translator/english-to-kurdish-translation-audio
459,Online Audio Translator - English to Lithuanian,https://www.veed.io/tools/audio-translator/english-to-lithuanian-translation
719,English to Maltese - AI Audio Translator,https://www.veed.io/tools/audio-translator/english-to-maltese
443,English to Mongolian Translation Audio,https://www.veed.io/tools/audio-translator/english-to-mongolian-translation-audio
219,English to Myanmar Voice Translator,https://www.veed.io/tools/audio-translator/english-to-myanmar-best-translator-voice
742,English to Norwegian Translation Audio,https://www.veed.io/tools/audio-translator/english-to-norwegian-translation
296,English to Punjabi Audio Translation,https://www.veed.io/tools/audio-translator/english-to-punjabi-translation-audio
592,English to Sanskrit Translation with Audio,https://www.veed.io/tools/audio-translator/english-to-sanskrit-translation
501,English to Serbian Translation Audio,https://www.veed.io/tools/audio-translator/english-to-serbian-translation
398,English to Sindhi Translation Audio,https://www.veed.io/tools/audio-translator/english-to-sindhi-translation-audio
346,English to Somali Translation Audio,https://www.veed.io/tools/audio-translator/english-to-somali-translation-audio
283,Online Audio Translator - English to Swahili,https://www.veed.io/tools/audio-translator/english-to-swahili-translation-audio
667,English to Tajik - Translate Audio,https://www.veed.io/tools/audio-translator/english-to-tajik
527,English to Tigrinya Translation Audio,https://www.veed.io/tools/audio-translator/english-to-tigrinya-translation-audio
819,English to Welsh Translation Audio,https://www.veed.io/tools/audio-translator/english-to-welsh-translation-audio
44,Listen and Translate - AI Audio Translator,https://www.veed.io/tools/audio-translator/listen-and-translate
559,Marathi to English Translation Audio,https://www.veed.io/tools/audio-translator/marathi-to-english-translation-audio
543,Norwegian to English Voice Translator,https://www.veed.io/tools/audio-translator/norwegian-to-english-voice-translator
290,Shona to English - AI Voice Translator,https://www.veed.io/tools/audio-translator/shona-to-english
474,Spoken Irish Translator,https://www.veed.io/tools/audio-translator/spoken-irish-translator
625,Tamil to Hindi Audio Translation,https://www.veed.io/tools/audio-translator/tamil-to-hindi-voice-translation
282,Telugu to English Audio Translation,https://www.veed.io/tools/audio-translator/telugu-to-english-translation
262,TikTok Translation - Automatically Transcribe and ...,https://www.veed.io/tools/audio-translator/tiktok-translation
208,Translate Arabic Audio To English,https://www.veed.io/tools/audio-translator/translate-arabic-audio-to-english
761,Online Translator - Audio To German Text,https://www.veed.io/tools/audio-translator/translate-audio-to-german
895,Audio Translator - Turn Audio Into Japanese,https://www.veed.io/tools/audio-translator/translate-audio-to-japanese
173,Automatic Audio Translator - Chinese To English,https://www.veed.io/tools/audio-translator/translate-chinese-audio-to-english
541,AI Audio Translator - Dutch To English,https://www.veed.io/tools/audio-translator/translate-dutch-to-english
585,Online Audio Translator - English To Arabic,https://www.veed.io/tools/audio-translator/translate-english-to-arabic-audio
447,English to Bulgarian Audio Translator,https://www.veed.io/tools/audio-translator/translate-english-to-bulgarian-voice
385,Online Audio Translator - English To Chinese,https://www.veed.io/tools/audio-translator/translate-english-to-chinese-audio
865,Translate English To Dutch Audio,https://www.veed.io/tools/audio-translator/translate-english-to-dutch-audio
611,English to Estonian - Translate Audio,https://www.veed.io/tools/audio-translator/translate-english-to-estonian
329,Online Audio Translator - English To French,https://www.veed.io/tools/audio-translator/translate-english-to-french-audio
343,Online Audio Translator - English To German,https://www.veed.io/tools/audio-translator/translate-english-to-german-audio
676,Online Audio Translator - English To Greek,https://www.veed.io/tools/audio-translator/translate-english-to-greek-audio
35,English to Haitian Creole Audio,https://www.veed.io/tools/audio-translator/translate-english-to-haitian-creole-audio
337,Translate English to Hebrew Audio,https://www.veed.io/tools/audio-translator/translate-english-to-hebrew-audio
426,Translate English To Hungarian Audio,https://www.veed.io/tools/audio-translator/translate-english-to-hungarian-audio
380,Translate English To Indonesian Audio,https://www.veed.io/tools/audio-translator/translate-english-to-indonesian-audio
428,Translate English To Italian Audio,https://www.veed.io/tools/audio-translator/translate-english-to-italian-audio
915,Translate English To Japanese Audio,https://www.veed.io/tools/audio-translator/translate-english-to-japanese-audio
595,Translate English To Korean Audio,https://www.veed.io/tools/audio-translator/translate-english-to-korean-audio
759,Online Audio Translator - English To Malayalam,https://www.veed.io/tools/audio-translator/translate-english-to-malayalam-audio
122,English to Pashto Audio - AI Translator,https://www.veed.io/tools/audio-translator/translate-english-to-pashto-audio
597,Online Audio Translator - English To Polish,https://www.veed.io/tools/audio-translator/translate-english-to-polish-audio
367,Translate English To Portuguese Audio,https://www.veed.io/tools/audio-translator/translate-english-to-portuguese-audio
587,Online Audio Translator - English To Romanian,https://www.veed.io/tools/audio-translator/translate-english-to-romanian-audio
498,Translate English To Russian Audio,https://www.veed.io/tools/audio-translator/translate-english-to-russian-audio
59,Online Audio Translator - English To Spanish,https://www.veed.io/tools/audio-translator/translate-english-to-spanish-audio
899,Online Audio Translator - English To Thai,https://www.veed.io/tools/audio-translator/translate-english-to-thai-audio
640,Translate English To Turkish Audio,https://www.veed.io/tools/audio-translator/translate-english-to-turkish-audio
565,Online Audio Translator - English To Ukrainian,https://www.veed.io/tools/audio-translator/translate-english-to-ukrainian-audio
471,Online Audio Translator - English To Urdu,https://www.veed.io/tools/audio-translator/translate-english-to-urdu-audio
205,Online Audio Translator - English To Vietnamese,https://www.veed.io/tools/audio-translator/translate-english-to-vietnamese-audio
223,Online Audio Translator - French To English,https://www.veed.io/tools/audio-translator/translate-french-to-english-audio
267,Translate from Corsican into English Audio,https://www.veed.io/tools/audio-translator/translate-from-corsican-into-english
404,Online Audio Translator - German To English,https://www.veed.io/tools/audio-translator/translate-german-to-english-audio
754,Online Audio Translator - Greek To English,https://www.veed.io/tools/audio-translator/translate-greek-to-english-audio
186,Online Audio Translator - Hindi To English,https://www.veed.io/tools/audio-translator/translate-hindi-to-english-audio
526,Translate Hungarian to English Audio,https://www.veed.io/tools/audio-translator/translate-hungarian-to-english-audio
535,Translate Italian To English Audio,https://www.veed.io/tools/audio-translator/translate-italian-to-english-audio
143,Online Audio Translator - Japanese To English,https://www.veed.io/tools/audio-translator/translate-japanese-audio-to-english
389,Translate Korean To English Audio,https://www.veed.io/tools/audio-translator/translate-korean-to-english-audio
502,Online Audio Translator - Polish To English,https://www.veed.io/tools/audio-translator/translate-polish-to-english-audio
250,Online Audio Translator - Portuguese To English,https://www.veed.io/tools/audio-translator/translate-portuguese-to-english-audio
599,Translate Portuguese to Spanish - Audio ...,https://www.veed.io/tools/audio-translator/translate-portuguese-to-spanish
718,Online Audio Translator - Romanian To English,https://www.veed.io/tools/audio-translator/translate-romanian-to-english-audio
217,Translate Russian To English Audio,https://www.veed.io/tools/audio-translator/translate-russian-to-english-audio
63,Online Audio Translator - Spanish To English,https://www.veed.io/tools/audio-translator/translate-spanish-to-english-audio
878,Translate Spanish to Russian - AI Audio ...,https://www.veed.io/tools/audio-translator/translate-spanish-to-russian
492,Online Audio Translator - Swedish to English,https://www.veed.io/tools/audio-translator/translate-swedish-to-english-audio
399,Translate Tamil To English Audio,https://www.veed.io/tools/audio-translator/translate-tamil-to-english-audio
294,Translate Thai to English Audio,https://www.veed.io/tools/audio-translator/translate-thai-to-english-audio
373,Translate Turkish To English Audio,https://www.veed.io/tools/audio-translator/translate-turkish-to-english-audio
574,Online Audio Translator - Ukrainian To English,https://www.veed.io/tools/audio-translator/translate-ukrainian-audio-to-english
157,Online Audio Translator - Vietnamese To English,https://www.veed.io/tools/audio-translator/translate-vietnamese-to-english-audio
11,Auto Subtitle Generator Online - 99.9% Accuracy,https://www.veed.io/tools/auto-subtitle-generator-online
275,AI Captioning - Add Video Captions Automatically,https://www.veed.io/tools/auto-subtitle-generator-online/ai-captioning
503,Bangla Subtitles,https://www.veed.io/tools/auto-subtitle-generator-online/bangla-subtitle
573,Bengali Subtitles - Auto-Subtitle Tool,https://www.veed.io/tools/auto-subtitle-generator-online/bengali-subtitles
330,Add Chinese Subtitles To Your Video For Free,https://www.veed.io/tools/auto-subtitle-generator-online/chinese-subtitles
712,Closed Captioning Software,https://www.veed.io/tools/auto-subtitle-generator-online/closed-captioning-software
765,Czech Subtitles,https://www.veed.io/tools/auto-subtitle-generator-online/czech-subtitles
434,Dynamic Subtitles - Animated Captions AI,https://www.veed.io/tools/auto-subtitle-generator-online/dynamic-subtitles
477,Auto-generate English Subtitles Online,https://www.veed.io/tools/auto-subtitle-generator-online/english-subtitles
561,Auto-generate French Subtitles For Videos,https://www.veed.io/tools/auto-subtitle-generator-online/french-subtitles
472,Generate German Subtitles For Free,https://www.veed.io/tools/auto-subtitle-generator-online/german-subtitles
721,Auto-generate Greek Subtitles With ...,https://www.veed.io/tools/auto-subtitle-generator-online/greek-subtitles
739,Automatic Hebrew Subtitles Generator,https://www.veed.io/tools/auto-subtitle-generator-online/hebrew-subtitles
438,Generate Hindi Subtitles For Free,https://www.veed.io/tools/auto-subtitle-generator-online/hindi-subtitles
315,Free Online Indonesian Subtitle Generator,https://www.veed.io/tools/auto-subtitle-generator-online/indonesian-subtitles
538,Free Italian Subtitles Generator,https://www.veed.io/tools/auto-subtitle-generator-online/italian-subtitles
610,Add Japanese Subtitles To Your Videos For Free,https://www.veed.io/tools/auto-subtitle-generator-online/japanese-subtitles
524,Generate Korean Subtitles For Free,https://www.veed.io/tools/auto-subtitle-generator-online/korean-subtitles
740,"Norwegian Subtitling Software - Online, Try for Free",https://www.veed.io/tools/auto-subtitle-generator-online/norwegian-subtitling
664,Punjabi Caption Generator - Auto-Subtitles,https://www.veed.io/tools/auto-subtitle-generator-online/punjabi-caption
655,Generate Russian Subtitles In Seconds,https://www.veed.io/tools/auto-subtitle-generator-online/russian-subtitles
151,Online Automatic Spanish Subtitles Generator,https://www.veed.io/tools/auto-subtitle-generator-online/spanish-subtitles
335,SRT File Creator - Fast and Accurate,https://www.veed.io/tools/auto-subtitle-generator-online/srt-file-creator
396,Subtitles Persian - Auto Subtitle Generator,https://www.veed.io/tools/auto-subtitle-generator-online/subtitle-persian
340,Add Arabic Subtitles To Any Video In Seconds,https://www.veed.io/tools/auto-subtitle-generator-online/subtitles-arabic
608,Automatic Dutch Subtitle Generator,https://www.veed.io/tools/auto-subtitle-generator-online/subtitles-dutch
579,The Fastest Way to Generate Portuguese Subtitles,https://www.veed.io/tools/auto-subtitle-generator-online/subtitles-portuguese
770,Tagalog Subtitling - Automatic Subtitles,https://www.veed.io/tools/auto-subtitle-generator-online/tagalog-subtitling
698,Generate Thai Subtitles Online In Seconds,https://www.veed.io/tools/auto-subtitle-generator-online/thai-subtitles
17,Video Caption Generator - Add Captions Automatically,https://www.veed.io/tools/auto-subtitle-generator-online/video-caption-generator
581,Video Captioning Services - Automatic Captions,https://www.veed.io/tools/auto-subtitle-generator-online/video-captioning-services
671,Video Subtitling Services,https://www.veed.io/tools/auto-subtitle-generator-online/video-subtitling-services
544,Free Vietnamese Subtitling Tool,https://www.veed.io/tools/auto-subtitle-generator-online/vietnamese-subtitles
452,VTT Creator and Editor - Fast and Accurate,https://www.veed.io/tools/auto-subtitle-generator-online/vtt-creator
42,Auto Video Editor - Automatic Video Editing & Noise Removal,https://www.veed.io/tools/auto-video-editor
68,AI Clip Generator - Try for Free - VEED.IO,https://www.veed.io/tools/auto-video-editor/ai-clip-generator
741,AI Content Generator for YouTube,https://www.veed.io/tools/auto-video-editor/ai-content-generator-for-youtube
919,AI Facebook Ad Generator - Create Ads in Minutes,https://www.veed.io/tools/auto-video-editor/ai-facebook-ad-generator
787,AI Gaming Clip Maker - Create Viral Gaming Clips Online,https://www.veed.io/tools/auto-video-editor/ai-gaming-clip-maker
921,AI Podcast Clip Generator - Auto-Cut Videos,https://www.veed.io/tools/auto-video-editor/ai-podcast-clip-generator
499,AI Podcast Editing - Create Podcast Clips,https://www.veed.io/tools/auto-video-editor/ai-podcast-editing
242,Free AI Product Video Generator - Text to Video,https://www.veed.io/tools/auto-video-editor/ai-product-video-generator
875,AI Shorts - Create Clips from Videos,https://www.veed.io/tools/auto-video-editor/ai-shorts
814,AI Video Clip Generator - Instant AI Editing,https://www.veed.io/tools/auto-video-editor/ai-video-clip-generator
304,AI Video Clipper - Make Clips with AI,https://www.veed.io/tools/auto-video-editor/ai-video-clipper
171,Automatic Clip Maker - Create Clips from Videos,https://www.veed.io/tools/auto-video-editor/automatic-clip-maker
436,Image Sequence to Video,https://www.veed.io/tools/auto-video-editor/image-sequence-to-video
591,AI Jump Cut Tool - Auto Video Editor,https://www.veed.io/tools/auto-video-editor/jump-cut-video
869,LinkedIn Ad Generator,https://www.veed.io/tools/auto-video-editor/linkedin-ad-generator?locale=en&source=%2Ftools%2Fauto-video-editor
325,AI Short Video Generator - Long Video to Viral Shorts,https://www.veed.io/tools/auto-video-editor/long-video-to-short-video-ai
508,Short Form Video Editor - Edit with AI,https://www.veed.io/tools/auto-video-editor/short-form-video-editor
627,TikTok Clip Maker - Create Clips with AI,https://www.veed.io/tools/auto-video-editor/tiktok-clip-maker
762,Twitch Clip Maker - Generate with AI,https://www.veed.io/tools/auto-video-editor/twitch-clip-maker
532,Twitch Clipper - Create with AI,https://www.veed.io/tools/auto-video-editor/twitch-clipper
519,Video Editing Services - AI-Powered Editor,https://www.veed.io/tools/auto-video-editor/video-editing-services
863,YouTube Video Editing Services - Edit in Minutes,https://www.veed.io/tools/auto-video-editor/youtube-video-editing-services
493,Background Remover API,https://www.veed.io/tools/background-remover-api
691,Fast Video Background Removal API - No Green Screen,https://www.veed.io/tools/background-remover-api/fast
890,Box Subtitle Generator,https://www.veed.io/tools/box-subtitles
695,Canva Subtitle Generator,https://www.veed.io/tools/canva-subtitles
214,Censor Your Videos - Online Video Editor,https://www.veed.io/tools/censor-video
147,"Crop Video Files Online - Crop, Cut & Trim",https://www.veed.io/tools/crop-video
391,Crop AVI Files Online - AVI Video Cutter Without Quality Loss,https://www.veed.io/tools/crop-video/crop-avi
900,How to crop video in MKV?,https://www.veed.io/tools/crop-video/crop-mkv
901,"Crop Video Files Online - Cut MP4, Free - VEED.IO",https://www.veed.io/tools/crop-video/crop-mp4
494,"Crop WebM Video Files - Online, Free",https://www.veed.io/tools/crop-video/crop-webm
823,Crop and Trim Videos for YouTube,https://www.veed.io/tools/crop-video/crop-youtube-video
547,"Online GIF Cropper - Crop Your Animated GIFs, Free",https://www.veed.io/tools/crop-video/gif-cropper
596,Crop Instagram Reel Videos,https://www.veed.io/tools/crop-video/instagram-reel-crop
287,Crop TikTok Videos,https://www.veed.io/tools/crop-video/tiktok-crop
87,Extract Audio from Video - Online Audio Extractor,https://www.veed.io/tools/extract-audio-from-video
656,Extract Audio from MKV - Online Audio Extractor,https://www.veed.io/tools/extract-audio-from-video/extract-audio-from-mkv
312,Extract Audio from MP4 - Online Audio Extractor,https://www.veed.io/tools/extract-audio-from-video/extract-audio-from-mp4
225,Sound Bite Maker - Free Online Video Editor,https://www.veed.io/tools/extract-audio-from-video/soundbite-maker
481,Eye Tracking Software - Always Look at the Camera,https://www.veed.io/tools/eye-tracking-software
32,Eye Contact AI - Always Look at the Camera,https://www.veed.io/tools/eye-tracking-software/eye-contact-ai
177,VEED Fabric 1.0 API,https://www.veed.io/tools/fabric-1.0-api
376,Remove Filler Words from Recordings,https://www.veed.io/tools/filler-remover
364,Flip Video - Horizontal & Vertical,https://www.veed.io/tools/flip-video
359,Flip GIF Online - Instantly Mirror GIFs,https://www.veed.io/tools/flip-video/flip-gif
812,Flip YouTube Video Online - Instant Flip Video Tool,https://www.veed.io/tools/flip-video/flip-youtube-video
243,YT Mirror - Instantly Flip YouTube Videos,https://www.veed.io/tools/flip-video/yt-mirror
411,Frame Video Online - Add Frames to Your Videos,https://www.veed.io/tools/frame-video
27,Green Screen Video Editor - Edit Out Background,https://www.veed.io/tools/green-screen-editor
182,Make Chroma Key Videos Online - VEED.IO,https://www.veed.io/tools/green-screen-editor/chroma-key-online
872,Image to Image AI - AI Image Generator from Image,https://www.veed.io/tools/image-to-image-ai
793,Turn Photo into Painting - AI Photo to Painting Converter,https://www.veed.io/tools/image-to-image-ai/turn-photo-into-painting
8,Free Image to Video AI Generator,https://www.veed.io/tools/image-to-video-ai
310,AI Dance - Generate with AI - VEED.IO,https://www.veed.io/tools/image-to-video-ai/ai-dance
572,AI Handshake - Generate Videos with AI,https://www.veed.io/tools/image-to-video-ai/ai-handshake
118,AI Image Animator - Turn a Photo into Video - VEED,https://www.veed.io/tools/image-to-video-ai/ai-image-animator
584,AI Kissing Video Generator - Image to Video,https://www.veed.io/tools/image-to-video-ai/ai-kissing-video-generator
722,Deep Dream Generator - Create Surreal AI Videos,https://www.veed.io/tools/image-to-video-ai/deep-dream-generator
497,Hugging AI Video Generator - Animate Photos,https://www.veed.io/tools/image-to-video-ai/hugging-ai
170,Convert Images to Video Online,https://www.veed.io/tools/images-to-video
551,Photo to Illustration - Online AI Image Editor,https://www.veed.io/tools/images-to-video/photo-to-illustration
111,Increase Volume of Video Online,https://www.veed.io/tools/increase-volume-of-video
210,Loop Videos & GIFs Online,https://www.veed.io/tools/loop-video
85,Loop GIF - Loop your animated GIFs over and over,https://www.veed.io/tools/loop-video/loop-gif
810,Loop YouTube Video,https://www.veed.io/tools/loop-video/loop-youtube-video
83,Loop Video and Boomerang Maker,https://www.veed.io/tools/loop-video/video-to-boomerang
635,WebM Video Looper - Create Video Loops Online,https://www.veed.io/tools/loop-video/webm-looper
48,Online Music Visualizer - Add Sound Waves to Videos,https://www.veed.io/tools/music-visualizer
582,AI Music Visualizer - Make Shareable Videos Online,https://www.veed.io/tools/music-visualizer/ai-music-visualizer
70,Add Soundwave Art to Video - Audio Waveform Generator,https://www.veed.io/tools/music-visualizer/audio-waveform-generator
321,Create Audiograms for Your Podcasts,https://www.veed.io/tools/music-visualizer/audiogram-podcast
500,Podcast Visualizer - Add Sound Waves to Your Video ...,https://www.veed.io/tools/music-visualizer/podcast-visualizer
52,Sound Wave Generator - Make Sound Wave Art,https://www.veed.io/tools/music-visualizer/sound-wave-maker
490,Easy Sound Wave Recorder Online - Free,https://www.veed.io/tools/music-visualizer/sound-wave-recorder
483,YouTube Music Visualizer Online,https://www.veed.io/tools/music-visualizer/youtube-music-visualizer
631,PDF to Audio Reader - Lifelike AI Voice,https://www.veed.io/tools/pdf-to-audio
800,"Personalized Video Platform - Record, Share Videos",https://www.veed.io/tools/personalized-video-platform
808,Custom Sales Videos - Create Marketing Videos,https://www.veed.io/tools/personalized-video-platform/custom-sales-videos
842,Photo to Anime - Create Anime Videos with AI,https://www.veed.io/tools/photo-to-cartoon/photo-to-anime
548,PPT to Video Converter - Create Videos with AI,https://www.veed.io/tools/ppt-to-video
678,Google Slides to Video Converter - Try for Free,https://www.veed.io/tools/ppt-to-video/convert-slides-to-video
836,Document to MP4,https://www.veed.io/tools/ppt-to-video/document-to-mp4
883,PDF Text to Speech - Realistic AI Voice,https://www.veed.io/tools/ppt-to-video/pdf-text-to-speech
832,PDF to Video Converter,https://www.veed.io/tools/ppt-to-video/pdf-to-video
703,PPT to MP4 Converter - Convert PowerPoint to MP4,https://www.veed.io/tools/ppt-to-video/powerpoint-to-mp4
141,Presentation Recorder - Record Online,https://www.veed.io/tools/presentation-recorder
197,PowerPoint Recorder - Record Your Presentations Online,https://www.veed.io/tools/presentation-recorder/powerpoint-recorder
199,Progress Bar Generator - Add Progress Bar to Videos Online,https://www.veed.io/tools/progress-bar-generator
273,Countdown Video Maker - Animated Progress Bars,https://www.veed.io/tools/progress-bar-generator/countdown-video-maker
174,Mute Video - Remove Audio From Video Online,https://www.veed.io/tools/remove-audio-from-video
300,"Remove Audio From an MP4 Video - Online, Free",https://www.veed.io/tools/remove-audio-from-video/remove-audio-from-mp4
571,"Remove Audio From a WebM Video - Online, Free",https://www.veed.io/tools/remove-audio-from-video/remove-audio-from-webm
445,Remove Audio from your YouTube Videos - Mute Video,https://www.veed.io/tools/remove-audio-from-video/remove-audio-from-youtube-video
36,Remove Background Noise from Audio - Try for Free,https://www.veed.io/tools/remove-background-noise-from-audio
258,Remove Background Noise from MP3 Online,https://www.veed.io/tools/remove-background-noise-from-audio/remove-background-noise-from-mp3
401,Remove Wind from Audio - Clean Audio,https://www.veed.io/tools/remove-background-noise-from-audio/remove-wind-from-audio
552,Reverb Remover - Clean Your Audio,https://www.veed.io/tools/remove-background-noise-from-audio/reverb-remover
332,Studio Sound - Clean Your Audio,https://www.veed.io/tools/remove-background-noise-from-audio/studio-sound
22,Remove Background Noise from Video - Try for Free,https://www.veed.io/tools/remove-background-noise-from-video
200,Remove Wind Noise from Video - AI Audio Cleanup,https://www.veed.io/tools/remove-background-noise-from-video/remove-wind-noise-from-video
806,Stutter Remover - Trim & Polish Audio in One Click,https://www.veed.io/tools/remove-background-noise-from-video/stutter-remover
38,Remove Watermark from Video - Video Editor,https://www.veed.io/tools/remove-watermark-from-video
71,Remove Text from Video - Watermark Remover - VEED.IO,https://www.veed.io/tools/remove-watermark-from-video/remove-text-from-video
207,Remove Watermarks from Videos,https://www.veed.io/tools/remove-watermark-from-video/watermark-remover
303,Repurpose Video - Share Content Instantly to All Platforms,https://www.veed.io/tools/repurpose-video
476,Instagram to TikTok Converter - Repurpose Videos,https://www.veed.io/tools/repurpose-video/instagram-to-tiktok-converter
271,Instagram to YouTube - Repurpose Video,https://www.veed.io/tools/repurpose-video/instagram-to-youtube
349,Instagram Video Converter - Repurpose Videos,https://www.veed.io/tools/repurpose-video/instagram-video-converter
416,YouTube to TikTok - Repurpose Videos,https://www.veed.io/tools/repurpose-video/youtube-to-tiktok
88,Resize Video - Aspect Ratio & Dimensions,https://www.veed.io/tools/resize-video
281,Change Video Aspect Ratio Online - Resize Video,https://www.veed.io/tools/resize-video/change-video-aspect-ratio
521,GIF Video Resizer - Aspect Ratio & Dimensions,https://www.veed.io/tools/resize-video/gif-resizer
693,Resize MP4 - Aspect Ratio Converter,https://www.veed.io/tools/resize-video/resize-mp4
567,"Online, Free Video Resizer - Aspect Ratio & Dimensions",https://www.veed.io/tools/resize-video/resize-video-for-instagram
464,Resize Video for Instagram Story,https://www.veed.io/tools/resize-video/resize-video-for-instagram-story
193,Resize Video for TikTok Online,https://www.veed.io/tools/resize-video/resize-videos-for-tiktok
463,"Resize WebM Files - Resize Aspect Ratio, Online, Free",https://www.veed.io/tools/resize-video/resize-webm
431,Rotate Video - Online Video Editing Software,https://www.veed.io/tools/rotate-video
590,Rotate AVI Online Free - No Download Required,https://www.veed.io/tools/rotate-video/rotate-avi
701,"Rotate Facebook Live Video - Rotate, Crop, Resize",https://www.veed.io/tools/rotate-video/rotate-facebook-video
379,Rotate GIF - Rotate & Flip GIF Files Online,https://www.veed.io/tools/rotate-video/rotate-gif
196,Rotate MOV free - Online Video Rotator,https://www.veed.io/tools/rotate-video/rotate-mov
620,Rotate MP4 Video Online,https://www.veed.io/tools/rotate-video/rotate-mp4-video
864,How to Rotate Instagram Video on PC/Mobile,https://www.veed.io/tools/rotate-video/rotate-video-for-instagram
12,Free Screen Recorder - Record Online,https://www.veed.io/tools/screen-recorder
841,Demo Creator,https://www.veed.io/tools/screen-recorder/demo-creator
409,"Screen Recorder for Lectures, Classes, and More",https://www.veed.io/tools/screen-recorder/lecture-recording
226,"MP4 Recorder - Record, Edit & Share Videos Online",https://www.veed.io/tools/screen-recorder/mp4-recorder
167,Create GIFs from Your Screen Recordings,https://www.veed.io/tools/screen-recorder/screen-to-gif
688,Streaming Recorder - Record Your Live Streams,https://www.veed.io/tools/screen-recorder/streaming-recorder
482,Webcam Reaction - Make Videos Online,https://www.veed.io/tools/screen-recorder/webcam-reaction
279,YouTube Recorder - Record Your Screen,https://www.veed.io/tools/screen-recorder/youtube-screen-recorder
15,Free AI Video Script Generator - No Sign Up,https://www.veed.io/tools/script-generator
566,Facebook Video Title Generator - Go Viral,https://www.veed.io/tools/script-generator/facebook-video-title-generator
3,Hashtag Generator - Start Trending Online,https://www.veed.io/tools/script-generator/hashtag-generator
838,Free Instagram Bio Generator - Professional IG Bios,https://www.veed.io/tools/script-generator/instagram-bio-generator
107,Instagram Caption Generator - Boost Likes & Followers,https://www.veed.io/tools/script-generator/instagram-caption-generator
56,TikTok Caption Generator - Go Viral,https://www.veed.io/tools/script-generator/tiktok-caption-generator
152,AI Video Idea Generator - Create Viral Videos,https://www.veed.io/tools/script-generator/video-idea-generator
6,YouTube Description Generator - Boost Views,https://www.veed.io/tools/script-generator/youtube-description-generator
21,YouTube Title Generator - Grow Your Channel,https://www.veed.io/tools/script-generator/youtube-title-generator
305,Share Video - Upload Your Video,https://www.veed.io/tools/share-video
20,Video to Link - Host Videos Online - VEED.IO,https://www.veed.io/tools/share-video/video-to-link
201,Sound Test - Audio Test Online,https://www.veed.io/tools/sound-test
69,"Split Audio Online, Free",https://www.veed.io/tools/split-audio
553,"Free Online FLAC Splitter - Split FLAC, MP3, and Other ...",https://www.veed.io/tools/split-audio/flac-splitter
245,"Free Online M4a Splitter - Split M4a, MP3, and Other Audio ...",https://www.veed.io/tools/split-audio/m4a-splitter
30,"Free Online MP3 Splitter - Split MP3, WAV, and Other ...",https://www.veed.io/tools/split-audio/mp3-splitter
299,"Free Online WAV Splitter - Split MP3, WAV, and Other ...",https://www.veed.io/tools/split-audio/wav-splitter
489,Subtitle Converter - Convert Subtitles to Multiple Formats,https://www.veed.io/tools/subtitle-converter
528,ASS to SRT - Subtitle Converter,https://www.veed.io/tools/subtitle-converter/ass-to-srt
904,"SRT Converter - Convert SRT Files to TXT, VTT and more",https://www.veed.io/tools/subtitle-converter/srt-converter
569,SRT to ASS - Subtitle Converter,https://www.veed.io/tools/subtitle-converter/srt-to-ass
512,Convert SRT Subtitles to PDF - Online SRT to PDF Converter,https://www.veed.io/tools/subtitle-converter/srt-to-pdf
880,SRT to SSA - Subtitle Converter,https://www.veed.io/tools/subtitle-converter/srt-to-ssa
392,SRT to TXT - Subtitle Converter,https://www.veed.io/tools/subtitle-converter/srt-to-txt
410,Convert SRT to VTT Online,https://www.veed.io/tools/subtitle-converter/srt-to-vtt
665,SSA to SRT - Subtitle Converter,https://www.veed.io/tools/subtitle-converter/ssa-to-srt
684,Convert VTT to SRT Online,https://www.veed.io/tools/subtitle-converter/vtt-to-srt
354,VTT to Text - Automatic Subtitle Converter,https://www.veed.io/tools/subtitle-converter/vtt-to-txt
302,Online Subtitle Editor Tool - Edit subtitles and Captions,https://www.veed.io/tools/subtitle-editor
264,"Online SRT Editor - Edit Subtitles and Captions, Translate",https://www.veed.io/tools/subtitle-editor/srt-editor
307,Online Subtitle Translator,https://www.veed.io/tools/subtitle-translator
28,Online Teleprompter - Record Your Video Online,https://www.veed.io/tools/teleprompter
837,Teleprompter,https://www.veed.io/tools/teleprompter?ref=listen-up.ghost.io
457,Script Timer - Online Teleprompter,https://www.veed.io/tools/teleprompter/script-timer
473,Text-Based Video Editing - Edit Videos With Text,https://www.veed.io/tools/text-based-video-editing
829,Transcript-Based Video Editing - Edit with Script,https://www.veed.io/tools/text-based-video-editing/transcript-based-video-editing
124,Text-to-Speech Avatar Creator - Create Talking Avatars,https://www.veed.io/tools/text-to-speech-avatar
511,Custom Avatar Creator - Generate AI Avatars - VEED.IO,https://www.veed.io/tools/text-to-speech-avatar/custom-avatar
355,Talking Avatar Creator - AI Avatars - VEED.IO,https://www.veed.io/tools/text-to-speech-avatar/talking-avatar
179,Talking Head Video Creator - Text-to-Speech Avatars,https://www.veed.io/tools/text-to-speech-avatar/talking-head-video
720,Create a Voice Avatar for Videos,https://www.veed.io/tools/text-to-speech-avatar/voice-avatar
47,AI Text to Speech Video Maker - Convert Text to Voice Online,https://www.veed.io/tools/text-to-speech-video
432,AI Text to Speech Reader - Voice Generator,https://www.veed.io/tools/text-to-speech-video/ai-reader
16,AI Voice Generator - Try for Free,https://www.veed.io/tools/text-to-speech-video/ai-voice-generator
534,Amharic Text to Speech - Instant AI Voiceovers,https://www.veed.io/tools/text-to-speech-video/amharic-text-to-speech
779,Arabic Text to Speech - Convert Text to Arabic Voice Online,https://www.veed.io/tools/text-to-speech-video/arabic-text-to-speech
108,Audiobook Maker - Convert Text to Narrations,https://www.veed.io/tools/text-to-speech-video/audiobook-maker
716,Chinese Text to Speech - Convert ...,https://www.veed.io/tools/text-to-speech-video/chinese-text-to-speech
206,Deep Voice AI Generator - Authoritative Narration,https://www.veed.io/tools/text-to-speech-video/deep-voice-ai
807,English Text to Speech - Convert Text to English Voice Online,https://www.veed.io/tools/text-to-speech-video/english-text-to-speech
402,French Text to Speech - Convert Text to French Voice Online,https://www.veed.io/tools/text-to-speech-video/french-text-to-speech
908,German Text to Speech - Convert Text to German Voice ...,https://www.veed.io/tools/text-to-speech-video/german-text-to-speech
601,Hebrew Text to Speech - Convert ...,https://www.veed.io/tools/text-to-speech-video/hebrew-text-to-speech
867,Hindi Text to Speech - Convert Text to Hindi Voice Online,https://www.veed.io/tools/text-to-speech-video/hindi-text-to-speech
689,Icelandic Text-to-Speech Generator,https://www.veed.io/tools/text-to-speech-video/icelandic-text-to-speech
353,Irish Text to Speech - Convert Text to Irish Voice Online,https://www.veed.io/tools/text-to-speech-video/irish-text-to-speech
444,Italian Text to Speech - Convert Text to Italian Voice Online,https://www.veed.io/tools/text-to-speech-video/italian-text-to-speech
733,Japanese Text to Speech,https://www.veed.io/tools/text-to-speech-video/japanese-text-to-speech
866,Korean Text to Speech - Convert Text to Korean Voice Online,https://www.veed.io/tools/text-to-speech-video/korean-text-to-speech
480,Malayalam Text to Speech - Convert ...,https://www.veed.io/tools/text-to-speech-video/malayalam-text-to-speech
827,Persian Text to Speech - Automatic Conversion,https://www.veed.io/tools/text-to-speech-video/persian-text-to-speech
778,Realistic Text to Speech - Realistic Voice Generator,https://www.veed.io/tools/text-to-speech-video/realistic-text-to-speech
906,Spanish Text to Speech - Convert Text to Spanish Voice ...,https://www.veed.io/tools/text-to-speech-video/spanish-text-to-speech
323,Text to Podcast - AI Podcast Generator,https://www.veed.io/tools/text-to-speech-video/text-to-podcast
746,Albanian Text-to-Speech Generator,https://www.veed.io/tools/text-to-speech-video/text-to-speech-albanian
594,Bulgarian Text to Speech - Convert ...,https://www.veed.io/tools/text-to-speech-video/text-to-speech-bulgarian
188,Online Text to Speech Converter,https://www.veed.io/tools/text-to-speech-video/text-to-speech-converter
593,Czech Text to Speech - Convert Text to Czech Voice Online,https://www.veed.io/tools/text-to-speech-video/text-to-speech-czech
628,Dutch Text to Speech - Convert Text to Dutch Voice Online,https://www.veed.io/tools/text-to-speech-video/text-to-speech-dutch
319,Text to Speech Human Voice,https://www.veed.io/tools/text-to-speech-video/text-to-speech-human-voice
666,Text to Speech Hungarian - Automatic AI Voiceovers,https://www.veed.io/tools/text-to-speech-video/text-to-speech-hungarian
465,Text to Speech Bahasa Indonesia - AI Voice Generator,https://www.veed.io/tools/text-to-speech-video/text-to-speech-indonesia
632,Text to Speech Khmer - AI Voiceovers,https://www.veed.io/tools/text-to-speech-video/text-to-speech-khmer
614,Text to Speech Marathi - Auto-Generate Voiceovers,https://www.veed.io/tools/text-to-speech-video/text-to-speech-marathi
365,Text to Speech MP3 - Convert Text to Voice Online,https://www.veed.io/tools/text-to-speech-video/text-to-speech-mp3
723,Text to Speech Norwegian - AI Voiceovers,https://www.veed.io/tools/text-to-speech-video/text-to-speech-norwegian
488,Text to Speech Polish - Convert Text to Polish Voice Online,https://www.veed.io/tools/text-to-speech-video/text-to-speech-polish
605,Text to Speech Romana,https://www.veed.io/tools/text-to-speech-video/text-to-speech-romana
549,Russian Text to Speech - Convert Text to Russian Voice ...,https://www.veed.io/tools/text-to-speech-video/text-to-speech-russian
429,Text to Speech Tagalog,https://www.veed.io/tools/text-to-speech-video/text-to-speech-tagalog
439,Text to Speech Telugu - Automatic TTS Conversion,https://www.veed.io/tools/text-to-speech-video/text-to-speech-telugu
570,Text to Speech Thai - Convert Text to Voice Online,https://www.veed.io/tools/text-to-speech-video/text-to-speech-thai
322,Text to Speech Voice Changer,https://www.veed.io/tools/text-to-speech-video/text-to-speech-voice-changer
855,Add Depth to Videos with Text-to-Speech with Emotion,https://www.veed.io/tools/text-to-speech-video/text-to-speech-with-emotion
130,Text to Voice Generator - Convert ...,https://www.veed.io/tools/text-to-speech-video/text-to-voice-generator
558,Vietnamese Text to Speech,https://www.veed.io/tools/text-to-speech-video/vietnamese-text-to-speech
114,TikTok Downloader - Download and Share,https://www.veed.io/tools/tiktok-downloader
84,Download TikTok Story - Remove Watermark,https://www.veed.io/tools/tiktok-downloader/download-tiktok-story
377,TikTok Downloader on Google Chrome,https://www.veed.io/tools/tiktok-downloader/tiktok-downloader-chrome
77,AI-Powered Audio & Video Transcription Online,https://www.veed.io/tools/transcription
713,Arabic Transcript - Automatic Transcriptions,https://www.veed.io/tools/transcription/arabic-transcript
775,Audio to Text Indonesia,https://www.veed.io/tools/transcription/audio-to-text-indonesia
728,Automatic Transcription Software - AI Speech to Text,https://www.veed.io/tools/transcription/automatic-transcription-software
789,Fast Transcription,https://www.veed.io/tools/transcription/fast-transcription
848,Japanese Transcription - AI Transcriptions,https://www.veed.io/tools/transcription/japanese-transcription
735,Media Transcription Online,https://www.veed.io/tools/transcription/media-transcription
795,Online Medical Transcription Software,https://www.veed.io/tools/transcription/medical-transcription-software
791,Meeting Transcripts - Transcribe Your Recordings,https://www.veed.io/tools/transcription/meeting-transcript
752,Transcribe Your Podcasts to Text - Generate with AI,https://www.veed.io/tools/transcription/podcast-transcripts
360,Spanish Transcription - Transcribe Spanish Online,https://www.veed.io/tools/transcription/spanish-transcription
260,TikTok Transcript Generator - Try for Free,https://www.veed.io/tools/transcription/tiktok-transcript
604,Transcribe Instagram Video - AI Video to Text,https://www.veed.io/tools/transcription/transcribe-instagram-video
840,Transcription Services,https://www.veed.io/tools/transcription/transcription-services
874,Translate to Cantonese Audio - Automatic Transcription,https://www.veed.io/tools/transcription/translate-to-cantonese-audio
629,Twitch Downloader - Download Twitch Clips and Share,https://www.veed.io/tools/twitch-downloader
26,Video Background Remover - Try for Free,https://www.veed.io/tools/video-background-remover
33,GIF Background Remover - Online; Free,https://www.veed.io/tools/video-background-remover/gif-background-remover
509,Webcam Background Remover - No Green Screen Needed,https://www.veed.io/tools/video-background-remover/webcam-background-remover
265,"Adjust Video Brightness, Online & Free",https://www.veed.io/tools/video-brightness-editor
191,Denoise Video - Reduce Visual Noise on Your Video,https://www.veed.io/tools/video-brightness-editor/denoise-video
316,Video Color Correction Tool,https://www.veed.io/tools/video-brightness-editor/video-color-correction
227,"Video Lighting Editor - Sharpen Videos Online, Free",https://www.veed.io/tools/video-brightness-editor/video-lighting-editor
537,Add a Vignette to Your Video Online,https://www.veed.io/tools/video-brightness-editor/video-vignette
131,Video Collaboration - Video Editing for Teams,https://www.veed.io/tools/video-collaboration
224,Cloud Video Editing - Collaborate with Teams,https://www.veed.io/tools/video-collaboration/cloud-video-editing
327,Collaborative Video Editing Software,https://www.veed.io/tools/video-collaboration/collaborative-video-editing
237,"Free Video Feedback Tool - Create, Edit, Collaborate",https://www.veed.io/tools/video-collaboration/video-feedback-tool
328,Video Review Software - Video Commenting Online,https://www.veed.io/tools/video-collaboration/video-review-software
1,Video Compressor - No Loss in Video Quality,https://www.veed.io/tools/video-compressor
657,Compressor,https://www.veed.io/tools/video-compressor?ref=blog.epicpxls.com
129,"AVI Compressor - Compress AVI Files Online, Free",https://www.veed.io/tools/video-compressor/compress-avi
144,MKV Compressor - Compress MKV Files Free & Online,https://www.veed.io/tools/video-compressor/compress-mkv
43,"Online MOV Compressor - Reduce MOV File Size, Free",https://www.veed.io/tools/video-compressor/compress-mov
140,"Compress WebM Videos Online - Free, Easy to use",https://www.veed.io/tools/video-compressor/compress-webm
478,"WMV Compressor - Reduce video file size, free and online",https://www.veed.io/tools/video-compressor/compress-wmv
10,Discord Video Compressor,https://www.veed.io/tools/video-compressor/discord-video-compressor
65,Online GIF Compressor - Compress GIFs - VEED.IO,https://www.veed.io/tools/video-compressor/gif-compressor
7,MP4 Compressor - Reduce Video File Size - VEED.IO,https://www.veed.io/tools/video-compressor/mp4-compressor
82,Video Compressor for Android,https://www.veed.io/tools/video-compressor/video-compressor-android
263,"Online YouTube video compressor - Free, easy to use",https://www.veed.io/tools/video-compressor/youtube-video-compressor
24,"Online Video Cutter - Cut, Trim & Crop Video for Free",https://www.veed.io/tools/video-cutter
683,Trim Video on Android - Android Mobile Video Cutter,https://www.veed.io/tools/video-cutter/android-video-cutter
516,"Free AVI Editor - Trim AVI Files, Free",https://www.veed.io/tools/video-cutter/avi-trimmer
912,"ASF Cutter - Trim ASF Files online, Free",https://www.veed.io/tools/video-cutter/cut-asf
120,"Online GIF Cutter – Cut or Trim GIF Files, Free",https://www.veed.io/tools/video-cutter/cut-gif
448,"MKV Video Editor - Cut MKV Files Online, Free",https://www.veed.io/tools/video-cutter/cut-mkv
685,"Facebook Video Trimmer - Cut, Split & Trim Facebook Videos",https://www.veed.io/tools/video-cutter/facebook-video-cutter
805,"FLV Cutter - Cut & Trim your FLV videos online, Free",https://www.veed.io/tools/video-cutter/flv-cutter
705,Online M4V Cutter - Trim M4V Files Free,https://www.veed.io/tools/video-cutter/m4v-cutter
801,MPEG Trimmer,https://www.veed.io/tools/video-cutter/mpeg-trimmer
877,MPEG4 Cutter,https://www.veed.io/tools/video-cutter/mpeg4-cutter
825,MPG Cutter,https://www.veed.io/tools/video-cutter/mpg-cutter
454,"MOV Editor - Cut MOV Files Online, Free",https://www.veed.io/tools/video-cutter/trim-mov
738,"Twitch Video Cutter - Cut, Split & Trim Twitch Videos Online",https://www.veed.io/tools/video-cutter/twitch-video-cutter
692,"Online Video Cutter – Cut Twitter Videos, Free",https://www.veed.io/tools/video-cutter/twitter-video-cutter
252,"Online WebM Cutter - Cut & Trim your WebM files, Free",https://www.veed.io/tools/video-cutter/webm-cutter
674,"WMV Video Editor - Cut WMV Files Online, Free",https://www.veed.io/tools/video-cutter/wmv-cutter
192,YouTube Cutter - Cut or Trim Your Videos for ...,https://www.veed.io/tools/video-cutter/youtube-cutter
29,Video Downloader - Download Videos from Your Browser,https://www.veed.io/tools/video-downloader
293,Link to Video - Video Downloader - VEED.IO,https://www.veed.io/tools/video-downloader/link-to-video
356,URL to Video - Online Downloader and Editor - VEED.IO,https://www.veed.io/tools/video-downloader/url-to-video-ai
2,"Online Video Editor - Fast, Simple, Free",https://www.veed.io/tools/video-editor
55,"Add Video Effects Online - VHS, Snow, Glitch & more",https://www.veed.io/tools/video-editor-effects
236,"Add Effects to GIF - Online GIF Editor, Free",https://www.veed.io/tools/video-editor-effects/add-effects-to-gif
347,Add Snow Effect to Video Online - Free Video Editor,https://www.veed.io/tools/video-editor-effects/add-snow-effect-to-video
91,Blur Video Online - Free Video Editor,https://www.veed.io/tools/video-editor-effects/blur-video-online
298,Glitch Video Effect - Add a Glitch Effect to Your Video,https://www.veed.io/tools/video-editor-effects/glitch-video-effect
276,Ken Burns Effect - Video Editor Effects,https://www.veed.io/tools/video-editor-effects/ken-burns-effect
609,Static TV Effect - Add Video Effects,https://www.veed.io/tools/video-editor-effects/static-tv-effect
78,VHS Overlay - Add VHS Effect to Your Video Online,https://www.veed.io/tools/video-editor-effects/vhs-overlay
278,Video Coloring - Add Color Effects to Your Videos,https://www.veed.io/tools/video-editor-effects/video-coloring
203,Add Video Transitions - Online,https://www.veed.io/tools/video-editor-transitions
606,Cross Dissolve - Video Transitions,https://www.veed.io/tools/video-editor-transitions/cross-dissolve
487,Fade-to-Black Transition - Video Transitions,https://www.veed.io/tools/video-editor-transitions/fade-to-black-transition
150,Video Fade Effect - Video Transitions,https://www.veed.io/tools/video-editor-transitions/video-fade-effect
529,Wipe Transition - Video Transitions,https://www.veed.io/tools/video-editor-transitions/wipe-transition
418,Zoom-In Transition Effect - Video Transitions,https://www.veed.io/tools/video-editor-transitions/zoom-in-transition
417,"#1 AVI Video Editor - Online, Fast, Free",https://www.veed.io/tools/video-editor/avi-video-editor
280,The Best Chromebook Video Editor,https://www.veed.io/tools/video-editor/chromebook-video-editor
525,Edit a Facebook Video - Online,https://www.veed.io/tools/video-editor/facebook-video-editor
886,Edit your FLV files Online - Easy Video Editing,https://www.veed.io/tools/video-editor/flv-video-editor
104,Online GIF Editor - Edit Animated GIFs & Images,https://www.veed.io/tools/video-editor/gif-editor
301,Instagram Video Editor - Edit Instagram Videos Online,https://www.veed.io/tools/video-editor/instagram-video-editor
603,"#1 MKV Editor - Fast, Easy, Online",https://www.veed.io/tools/video-editor/mkv-editor
388,#1 Online MOV Editor - Fast & Easy,https://www.veed.io/tools/video-editor/mov-editor
646,MP4 Editor - Professional Online Video Editing Tools,https://www.veed.io/tools/video-editor/mp4-editor
62,"MP4 Editor - Cut, Crop, Edit MP4 files Online",https://www.veed.io/tools/video-editor/mp4-video-editor
462,MPG Editor - Open & Edit MPG Files Online,https://www.veed.io/tools/video-editor/mpg-editor
54,Online TikTok Video Editor,https://www.veed.io/tools/video-editor/tiktok-video-editor
369,Free Twitch Video Editor Online - Twitch Editing Tool,https://www.veed.io/tools/video-editor/twitch-editor
218,#1 Online WEBM Editor & Converter - Easy to Use,https://www.veed.io/tools/video-editor/webm-editor
453,Windows Video Editor,https://www.veed.io/tools/video-editor/windows-video-editor
400,"WMV Editor - Edit WMV Files Online, Free",https://www.veed.io/tools/video-editor/wmv-editor
326,YouTube Video Editor - Edit Your ...,https://www.veed.io/tools/video-editor/youtube-video-editor
395,Online Video Enhancer - Adjust Brightness and Other ...,https://www.veed.io/tools/video-enhancer
178,"Online Video Clearer - Adjust brightness, contrast, and ...",https://www.veed.io/tools/video-enhancer/video-clearer
92,"Filter Videos Online - Add Filters, Effects & More",https://www.veed.io/tools/video-filters
169,Animated GIF Filters - Add Filters and Effects to GIFs,https://www.veed.io/tools/video-filters/gif-filters
58,Video Frame Rate Converter,https://www.veed.io/tools/video-frame-rate-converter
274,"Change GIF Frame Rate Online, Free",https://www.veed.io/tools/video-frame-rate-converter/change-gif-frame-rate
113,Video GPT - Create Videos with AI,https://www.veed.io/tools/video-gpt
822,AI Assist - Create Videos with AI,https://www.veed.io/tools/video-gpt/ai-assist
724,AI Video Agent,https://www.veed.io/tools/video-gpt/ai-video-agent
888,AI Video Assistant,https://www.veed.io/tools/video-gpt/ai-video-assistant
909,Free AI Video Editor - Edit by Typing Commands,https://www.veed.io/tools/video-gpt/ai-video-editing
247,ChatGPT Video Editing - Edit Videos with AI,https://www.veed.io/tools/video-gpt/chatgpt-video-editing
74,ChatGPT Video Generator - AI Text to Video,https://www.veed.io/tools/video-gpt/chatgpt-video-generator
99,Online Video Hosting - Free Hosting Platform,https://www.veed.io/tools/video-hosting
782,https://www.veed.io/tools/video-hosting?locale=en&...,https://www.veed.io/tools/video-hosting?locale=en&source=%2F
184,Upload Videos Online and Embed Them Anywhere!,https://www.veed.io/tools/video-hosting/embed-video
792,Private Video Sharing Online,https://www.veed.io/tools/video-hosting/private-video-sharing
95,Send Video - Easy File Sharing - VEED.IO,https://www.veed.io/tools/video-hosting/send-video
802,Video Content Management System - Free,https://www.veed.io/tools/video-hosting/video-content-management-system
687,Secure Online Video Library,https://www.veed.io/tools/video-hosting/video-library
64,Free Video Upload Service - VEED.IO,https://www.veed.io/tools/video-hosting/video-upload
139,Combine Video Clips - Online Video Joiner,https://www.veed.io/tools/video-joiner
894,3GP Video Joiner - Merge 3GP Videos - VEED.IO,https://www.veed.io/tools/video-joiner/3gp-videos
495,Join AVI Video Files - Free Online Video Joiner,https://www.veed.io/tools/video-joiner/avi-joiner
682,Combine MOV Files - Video Joiner,https://www.veed.io/tools/video-joiner/combine-mov-files
885,Combine WebM Files,https://www.veed.io/tools/video-joiner/combine-webm-files
123,Combine Multiple GIF Files - Merge Animated Images,https://www.veed.io/tools/video-joiner/gif-combiner
882,MTS Video Joiner - Combine MTS Files,https://www.veed.io/tools/video-joiner/merge-mts-files
637,MKV Joiner - Merge Multiple Videos,https://www.veed.io/tools/video-joiner/mkv-joiner
257,"Merge MP4 Files Online, Free - Video Joiner",https://www.veed.io/tools/video-joiner/mp4-joiner
643,Free MPEG Video Joiner - Join MPEG Files Online,https://www.veed.io/tools/video-joiner/mpeg-joiner
546,"Merge VOB Files Online, Free - Video Joiner",https://www.veed.io/tools/video-joiner/vob-joiner
690,Combine WMV Videos Online - Free WMV File Joiner,https://www.veed.io/tools/video-joiner/wmv-joiner
180,Merge Your YouTube Videos Online,https://www.veed.io/tools/video-joiner/youtube-video-combiner
127,Video Overlay Online - Add Overlays and Effects to Your ...,https://www.veed.io/tools/video-overlay-online
128,Split Screen Video Editor,https://www.veed.io/tools/video-overlay-online/split-screen-video-editor
93,Online Video Player - No Download Required,https://www.veed.io/tools/video-player
80,Free Online AVI Player - VEED.IO,https://www.veed.io/tools/video-player/avi-player
413,FLV Previewer - Online Video Player,https://www.veed.io/tools/video-player/flv-previewer
255,GIF Player - Online Video Player,https://www.veed.io/tools/video-player/gif-player
233,MKV Player - Online Video Player,https://www.veed.io/tools/video-player/mkv-player
119,Free Online MOV Player - VEED.IO,https://www.veed.io/tools/video-player/mov-player
209,MPEG Player - Online Video Player,https://www.veed.io/tools/video-player/mpeg-player
110,Free Video Viewer Online - VEED.IO,https://www.veed.io/tools/video-player/video-viewer-online
253,WebM Player - Online Video Player,https://www.veed.io/tools/video-player/webm-player
116,Online Video Speed Controller,https://www.veed.io/tools/video-speed-controller
309,Speed Up or Slow Down Your Video - Change Video Speed,https://www.veed.io/tools/video-speed-controller/change-video-speed
159,GIF Speed Changer - Change Animation Speed Online,https://www.veed.io/tools/video-speed-controller/gif-speed-changer
50,Slow Motion Video Editor - Slow Down Videos Online,https://www.veed.io/tools/video-speed-controller/slow-motion-video
142,Time Lapse Video Editor - VEED.IO,https://www.veed.io/tools/video-speed-controller/time-lapse-editor
876,Video Speed Controller for Google Chrome,https://www.veed.io/tools/video-speed-controller/video-speed-controller-chrome
550,Video Speed Editor,https://www.veed.io/tools/video-speed-controller/video-speed-editor
238,"Speed Up, Slow Down - YouTube Video Speed Controller",https://www.veed.io/tools/video-speed-controller/youtube-video-speed-controller
168,Online Video Splitter - Split Videos From Your Browser,https://www.veed.io/tools/video-splitter
641,AVI Splitter - Split AVI Video Files Online,https://www.veed.io/tools/video-splitter/avi-splitter
185,Split Animated GIF Images,https://www.veed.io/tools/video-splitter/gif-splitter
514,Online MKV Splitter - Split MKV Into Multiple Files,https://www.veed.io/tools/video-splitter/mkv-splitter
451,MOV Splitter - Split a Movie Into Several Clips,https://www.veed.io/tools/video-splitter/mov-splitter
172,Free MP4 Video Splitter - VEED.IO,https://www.veed.io/tools/video-splitter/mp4-splitter
831,MPEG Splitter - Split MPEG Videos into Small Files,https://www.veed.io/tools/video-splitter/mpeg-splitter
839,Trim and Split YouTube Videos - Crop Videos Online,https://www.veed.io/tools/video-splitter/split-youtube-video
94,Video to Photo - Convert Videos to GIF Online,https://www.veed.io/tools/video-to-photo
441,Extract Frames from Video - Convert to GIF,https://www.veed.io/tools/video-to-photo/extract-frames-from-video
49,"Transcribe Video to Text - Instant, 99.9% Accurate",https://www.veed.io/tools/video-to-text
623,AI Video Note Taker - Up to 98.5% Accuracy,https://www.veed.io/tools/video-to-text/ai-video-note-taker
725,Transcribe Lectures to Text Online,https://www.veed.io/tools/video-to-text/lectures-to-text
239,"MP4 to Text - Convert MP4 Files into Text, Online",https://www.veed.io/tools/video-to-text/mp4-to-text
345,Transcribe YouTube Video - Online Speech to Text Software,https://www.veed.io/tools/video-to-text/transcribe-youtube-video
661,Video Highlight,https://www.veed.io/tools/video-to-text/video-highlight
763,YouTube Transcript Extractor - AI Video to Text,https://www.veed.io/tools/video-to-text/youtube-transcript-extractor
799,YouTube Video Summarizer - Video to Text,https://www.veed.io/tools/video-to-text/youtube-video-summarizer
680,Video to Video AI - Video to Animation Converter,https://www.veed.io/tools/video-to-video-ai
366,AI Video to Cartoon Converter,https://www.veed.io/tools/video-to-video-ai/video-cartoonizer
230,Video to Anime Converter,https://www.veed.io/tools/video-to-video-ai/video-to-anime-converter
9,Instant Video Translator - Translate with AI,https://www.veed.io/tools/video-translator
513,Translate English Videos to Amharic Instantly,https://www.veed.io/tools/video-translator/english-to-amharic-translation-with-sound
320,English Video to Hindi Converter - Translate Online,https://www.veed.io/tools/video-translator/english-to-hindi-video
647,Accurate English to Mandarin Video Translator,https://www.veed.io/tools/video-translator/english-to-mandarin
470,Professional German Video Translation,https://www.veed.io/tools/video-translator/german-video-translation
435,Accurate Italian to English Video Translator,https://www.veed.io/tools/video-translator/italian-to-english
696,Latvian to English Translation,https://www.veed.io/tools/video-translator/latvian-to-english-translation
706,Polish to English - Video Translator,https://www.veed.io/tools/video-translator/polish-to-english
270,Translate Spanish Video to English,https://www.veed.io/tools/video-translator/spanish-to-english-video
423,Translate Arabic Video to English,https://www.veed.io/tools/video-translator/translate-arabic-video-to-english
350,Translate Chinese Video to English,https://www.veed.io/tools/video-translator/translate-chinese-to-english-video
286,Translate Korean Video to English,https://www.veed.io/tools/video-translator/translate-korean-video-to-english
370,Auto Transcribe MP3 Files Online - Video Translator,https://www.veed.io/tools/video-translator/translate-mp3
220,Translate Russian Video to English,https://www.veed.io/tools/video-translator/translate-russian-video-to-english
333,Translate Turkish Video to English,https://www.veed.io/tools/video-translator/translate-turkish-video-to-english
425,Video Japanese Translation - Automatic,https://www.veed.io/tools/video-translator/video-japanese-translation
160,Online Voice Dubber - Convert Text to Voice,https://www.veed.io/tools/voice-dubber
663,Afrikaans Dubbing - AI Voice Translation,https://www.veed.io/tools/voice-dubber/afrikaans-dubbing
137,AI Dubbing - AI Voice Translator & Voice Changer,https://www.veed.io/tools/voice-dubber/ai-dubbing
408,Arabic Dubbing - AI Voice Translation,https://www.veed.io/tools/voice-dubber/arabic-dubbing
251,Audio Dubbing - Professional Dubs in Minutes,https://www.veed.io/tools/voice-dubber/audio-dubbing
578,Auto Dubbing - AI Dubbing & Video Translator,https://www.veed.io/tools/voice-dubber/auto-dubbing
442,Chinese Dubbing - AI Voice Translation,https://www.veed.io/tools/voice-dubber/chinese-dubbing
755,Croatian Dubbing - Translate with AI,https://www.veed.io/tools/voice-dubber/croatian-dubbing
769,Danish Dubbing - Translate with AI,https://www.veed.io/tools/voice-dubber/danish-dubbing
781,Dutch Dubbing - Translate with AI,https://www.veed.io/tools/voice-dubber/dutch-dubbing
204,English Dubbing - Translate and Dub with AI,https://www.veed.io/tools/voice-dubber/english-dubbing
626,Farsi Dubbing - AI Voice Translation,https://www.veed.io/tools/voice-dubber/farsi-dubbing
732,Finnish Dubbing - Translate and Dub with AI,https://www.veed.io/tools/voice-dubber/finnish-dubbing
652,Greek Dubbing - Translate with AI,https://www.veed.io/tools/voice-dubber/greek-dubbing
342,Hebrew Dubbing - AI Voice Translation,https://www.veed.io/tools/voice-dubber/hebrew-dubbing
737,Icelandic Dubbing - AI Voice Translation,https://www.veed.io/tools/voice-dubber/icelandic-dubbing
555,Korean Dubbing - AI Voice Translation,https://www.veed.io/tools/voice-dubber/korean-dubbing
433,Language Dubbing - Dub Videos in Any Language,https://www.veed.io/tools/voice-dubber/language-dubbing
654,Malay Dubbing - AI Voice Translation,https://www.veed.io/tools/voice-dubber/malay-dubbing
771,Norwegian Dubbing - AI Voice Translation,https://www.veed.io/tools/voice-dubber/norwegian-dubbing
681,Romanian Dubbing - AI Voice Translation,https://www.veed.io/tools/voice-dubber/romanian-dubbing
583,Russian Dubbing - Translate Videos with AI - VEED.IO,https://www.veed.io/tools/voice-dubber/russian-dubbing
747,Slovak Dubbing - Translate Videos with AI,https://www.veed.io/tools/voice-dubber/slovak-dubbing
736,Slovenian Dubbing - AI Voiceovers,https://www.veed.io/tools/voice-dubber/slovenian-dubbing
615,Somali Dubbing - AI Voice Translation,https://www.veed.io/tools/voice-dubber/somali-dubbing
600,Spanish Dubbing - AI Voice Translation,https://www.veed.io/tools/voice-dubber/spanish-dubbing
677,"AI Tagalog Dubbing - Fast, Accurate, and Realistic",https://www.veed.io/tools/voice-dubber/tagalog-dubbing
624,Thai Dubbing - AI Voice Translation,https://www.veed.io/tools/voice-dubber/thai-dubbing
639,Ukrainian Dubbing - Translate with AI,https://www.veed.io/tools/voice-dubber/ukrainian-dubbing
897,Video Dub - Add AI Voice Dubs to Your Videos,https://www.veed.io/tools/voice-dubber/video-dub
458,Vietnamese Dubbing - AI Voice Translation,https://www.veed.io/tools/voice-dubber/vietnamese-dubbing
907,Voice Over Narration - AI Voiceovers,https://www.veed.io/tools/voice-dubber/voice-over-narration
331,YouTube Voice Over - Convert Text to Voice,https://www.veed.io/tools/voice-dubber/youtube-voice-over
387,Voice Over Generator - Convert Text to Voice Online,https://www.veed.io/tools/voice-over-generator
163,Accent Generator - Text to Voice,https://www.veed.io/tools/voice-over-generator/accent-generator
702,Advertisement Voice Over - Instant Commercial Voiceovers,https://www.veed.io/tools/voice-over-generator/advertisement-voice-over
816,AI Audiobook Narration - AI Voiceovers,https://www.veed.io/tools/voice-over-generator/ai-audiobook-narration
248,AI Narrator - AI Voiceovers - VEED.IO,https://www.veed.io/tools/voice-over-generator/ai-narrator
259,Animation Voice Over,https://www.veed.io/tools/voice-over-generator/animation-voice-over
338,Australian Accent Generator - Text to Voice,https://www.veed.io/tools/voice-over-generator/australian-accent-generator
109,British Accent Generator - Text to Voice,https://www.veed.io/tools/voice-over-generator/british-accent-generator
523,Canadian Accent Translator - AI Text to Voice,https://www.veed.io/tools/voice-over-generator/canadian-accent-generator
244,Character Voice Generator - Text to Voice,https://www.veed.io/tools/voice-over-generator/character-voice-generator
450,AI Documentary Voice Over - Convert Text to Speech,https://www.veed.io/tools/voice-over-generator/documentary-voice-over
659,English Voice Over Generator - Text to Voice,https://www.veed.io/tools/voice-over-generator/english-voice-over-generator
103,Female Voice Generator Online - VEED.IO,https://www.veed.io/tools/voice-over-generator/female-voice-generator
760,French Voice Over - AI Voiceovers,https://www.veed.io/tools/voice-over-generator/french-voice-over
622,German Accent Translator - Text to Voice,https://www.veed.io/tools/voice-over-generator/german-accent-translator
749,Icelandic Translator with Voice - AI Text to Speech,https://www.veed.io/tools/voice-over-generator/icelandic-translator-with-voice
106,Indian Accent Voice Generator - Text to Speech Software,https://www.veed.io/tools/voice-over-generator/indian-accent-voice
176,Italian Accent Generator - Text to Voice,https://www.veed.io/tools/voice-over-generator/italian-accent-generator
540,Instant IVR Recordings - Voice Over Generator,https://www.veed.io/tools/voice-over-generator/ivr-voice-over
187,Male Voice Generator Online - VEED.IO,https://www.veed.io/tools/voice-over-generator/male-voice-generator
588,Mongolian Accent - AI Voiceovers,https://www.veed.io/tools/voice-over-generator/mongolian-accent
102,Movie Trailer Voice Generator - AI Narrator Voice,https://www.veed.io/tools/voice-over-generator/movie-trailer-voice-generator
374,Nigerian Accent Generator - Text to Voice,https://www.veed.io/tools/voice-over-generator/nigerian-accent-generator
638,Norwegian Voice Over - AI Voiceovers,https://www.veed.io/tools/voice-over-generator/norwegian-voice-over
486,Russian Accent Translator - Text to Voice,https://www.veed.io/tools/voice-over-generator/russian-accent-translator
617,Spanish Accent Generator - Text to Speech Software,https://www.veed.io/tools/voice-over-generator/spanish-accent-generator
66,Sports Announcer Voice Generator - Text to Voice,https://www.veed.io/tools/voice-over-generator/sports-announcer-voice-generator
467,Free TikTok Voice Over Generator,https://www.veed.io/tools/voice-over-generator/tiktok-voice-generator
406,Vietnamese Voice Over - AI Voiceovers,https://www.veed.io/tools/voice-over-generator/vietnamese-voice-over
862,Voice for Games - AI Gaming Voiceovers,https://www.veed.io/tools/voice-over-generator/voice-for-games
710,Voice Over Advertising - Instant AI Voiceovers,https://www.veed.io/tools/voice-over-generator/voice-over-advertising
466,Voice Over Translation Software - AI Voiceovers,https://www.veed.io/tools/voice-over-generator/voice-over-translation-software
254,Free Online Voice Maker - Convert Text to Speech,https://www.veed.io/tools/voice-over-generator/voicemaker
554,Welsh Accent Generator - Text to Speech,https://www.veed.io/tools/voice-over-generator/welsh-accent-generator
241,Online Voice Recorder - Using Your Microphone,https://www.veed.io/tools/voice-recorder
804,AI Voice Recorder,https://www.veed.io/tools/voice-recorder/ai-voice-recorder
403,Online Audio Recorder - Create Studio Quality Recordings,https://www.veed.io/tools/voice-recorder/browser-audio-recorder
757,Call Recording Online - Record Your Meetings,https://www.veed.io/tools/voice-recorder/call-recording-online
542,Cloud Audio Recorder - Record Online,https://www.veed.io/tools/voice-recorder/cloud-audio-recorder
744,Online Mic Test - Check Your Microphone - VEED.IO,https://www.veed.io/tools/voice-recorder/mic-test
522,Capture High-Quality Audio with VEED's MP3 Recorder,https://www.veed.io/tools/voice-recorder/mp3-recorder
60,Song Recorder - Create Studio Quality Recordings,https://www.veed.io/tools/voice-recorder/song-recorder
25,"Webcam Recorder - Online Camera, Screen & Voice ...",https://www.veed.io/tools/webcam-recorder
216,Facecam Recorder - Record Your Screen & Webcam,https://www.veed.io/tools/webcam-recorder/facecam-recorder
756,Game Recorder - Record Your Screen and Webcam,https://www.veed.io/tools/webcam-recorder/game-recorder
766,Meeting Recorder,https://www.veed.io/tools/webcam-recorder/meeting-recorder
748,Free Video Greeting Cards - Record & Personalize,https://www.veed.io/tools/webcam-recorder/video-greeting-cards
14,"Webcam Test - Online, Free",https://www.veed.io/tools/webcam-test
51,Online Mirror - View Yourself on Your Browser,https://www.veed.io/tools/webcam-test/online-mirror
183,Online Webcam Viewer - Free,https://www.veed.io/tools/webcam-test/webcam-viewer
105,YouTube to GIF - Convert Your YouTube Videos to GIFs,https://www.veed.io/tools/youtube-to-gif
146,Post Youtube Videos to Instagram,https://www.veed.io/tools/youtube-to-gif/youtube-to-instagram